[ {
  "date" : "20141117",
  "segments" : [ {
    "type" : "place",
    "startTime" : "20141116T180907-0500",
    "endTime" : "20141117T062350-0500",
    "place" : {
      "id" : 279240006,
      "type" : "unknown",
      "location" : {
        "lat" : 3.4499544248,
        "lon" : -76.5396014218
      }
    },
    "lastUpdate" : "20141117T123252Z"
  }, {
    "type" : "place",
    "startTime" : "20141117T064708-0500",
    "endTime" : "20141117T080810-0500",
    "place" : {
      "id" : 279375326,
      "type" : "unknown",
      "location" : {
        "lat" : 3.5366224276,
        "lon" : -76.3878185347
      }
    },
    "lastUpdate" : "20141117T153444Z"
  }, {
    "type" : "place",
    "startTime" : "20141117T093150-0500",
    "endTime" : "20141117T093439-0500",
    "place" : {
      "id" : 278226846,
      "type" : "unknown",
      "location" : {
        "lat" : 3.3723670246,
        "lon" : -76.5391078155
      }
    },
    "lastUpdate" : "20141117T153444Z"
  }, {
    "type" : "place",
    "startTime" : "20141117T093955-0500",
    "endTime" : "20141117T151230-0500",
    "place" : {
      "id" : 278254819,
      "type" : "unknown",
      "location" : {
        "lat" : 3.3646059183,
        "lon" : -76.559999961
      }
    },
    "lastUpdate" : "20141120T192717Z"
  }, {
    "type" : "place",
    "startTime" : "20141117T152123-0500",
    "endTime" : "20141117T153535-0500",
    "place" : {
      "id" : 279486755,
      "type" : "unknown",
      "location" : {
        "lat" : 3.3869380566,
        "lon" : -76.5402846424
      }
    },
    "lastUpdate" : "20141120T195828Z"
  } ],
  "lastUpdate" : "20141120T195828Z"
} ]