[ {
  "date" : "20141113",
  "summary" : [ {
    "activity" : "walking",
    "group" : "walking",
    "duration" : 3293.0,
    "distance" : 3205.0,
    "steps" : 4463
  }, {
    "activity" : "transport",
    "group" : "transport",
    "duration" : 2446.0,
    "distance" : 14149.0
  } ],
  "segments" : [ {
    "type" : "move",
    "startTime" : "20141113T183801-0500",
    "endTime" : "20141113T184640-0500",
    "activities" : [ {
      "activity" : "walking",
      "group" : "walking",
      "manual" : false,
      "startTime" : "20141113T183801-0500",
      "endTime" : "20141113T184345-0500",
      "duration" : 344.0,
      "distance" : 274.0,
      "steps" : 486
    }, {
      "activity" : "transport",
      "group" : "transport",
      "manual" : false,
      "startTime" : "20141113T184345-0500",
      "endTime" : "20141113T184641-0500",
      "duration" : 176.0,
      "distance" : 380.0
    } ],
    "lastUpdate" : "20141114T011158Z"
  }, {
    "type" : "place",
    "startTime" : "20141113T184641-0500",
    "endTime" : "20141113T192450-0500",
    "activities" : [ {
      "activity" : "walking",
      "group" : "walking",
      "manual" : false,
      "startTime" : "20141113T185008-0500",
      "endTime" : "20141113T185304-0500",
      "duration" : 176.0,
      "distance" : 132.0,
      "steps" : 147
    } ],
    "lastUpdate" : "20141114T033339Z"
  }, {
    "type" : "move",
    "startTime" : "20141113T192450-0500",
    "endTime" : "20141113T193839-0500",
    "activities" : [ {
      "activity" : "walking",
      "group" : "walking",
      "manual" : false,
      "startTime" : "20141113T192450-0500",
      "endTime" : "20141113T193840-0500",
      "duration" : 830.0,
      "distance" : 928.0,
      "steps" : 1245
    } ],
    "lastUpdate" : "20141114T033339Z"
  }, {
    "type" : "place",
    "startTime" : "20141113T193840-0500",
    "endTime" : "20141113T194806-0500",
    "activities" : [ {
      "activity" : "walking",
      "group" : "walking",
      "manual" : false,
      "startTime" : "20141113T194400-0500",
      "endTime" : "20141113T194430-0500",
      "duration" : 30.0,
      "distance" : 15.0,
      "steps" : 25
    } ],
    "lastUpdate" : "20141114T033339Z"
  }, {
    "type" : "move",
    "startTime" : "20141113T194806-0500",
    "endTime" : "20141113T200700-0500",
    "activities" : [ {
      "activity" : "walking",
      "group" : "walking",
      "manual" : false,
      "startTime" : "20141113T194806-0500",
      "endTime" : "20141113T200701-0500",
      "duration" : 1135.0,
      "distance" : 1077.0,
      "steps" : 1461
    } ],
    "lastUpdate" : "20141114T033339Z"
  }, {
    "type" : "place",
    "startTime" : "20141113T200701-0500",
    "endTime" : "20141113T215933-0500",
    "activities" : [ {
      "activity" : "walking",
      "group" : "walking",
      "manual" : false,
      "startTime" : "20141113T200747-0500",
      "endTime" : "20141113T201049-0500",
      "duration" : 182.0,
      "distance" : 192.0,
      "steps" : 256
    } ],
    "lastUpdate" : "20141114T064533Z"
  }, {
    "type" : "move",
    "startTime" : "20141113T215933-0500",
    "endTime" : "20141113T224719-0500",
    "activities" : [ {
      "activity" : "walking",
      "group" : "walking",
      "manual" : false,
      "startTime" : "20141113T215933-0500",
      "endTime" : "20141113T220729-0500",
      "duration" : 476.0,
      "distance" : 405.0,
      "steps" : 691
    }, {
      "activity" : "transport",
      "group" : "transport",
      "manual" : false,
      "startTime" : "20141113T220728-0500",
      "endTime" : "20141113T223822-0500",
      "duration" : 1854.0,
      "distance" : 10847.0
    }, {
      "activity" : "walking",
      "group" : "walking",
      "manual" : false,
      "startTime" : "20141113T223822-0500",
      "endTime" : "20141113T224022-0500",
      "duration" : 120.0,
      "distance" : 182.0,
      "steps" : 152
    }, {
      "activity" : "transport",
      "group" : "transport",
      "manual" : false,
      "startTime" : "20141113T224022-0500",
      "endTime" : "20141113T224718-0500",
      "duration" : 416.0,
      "distance" : 2922.0
    } ],
    "lastUpdate" : "20141114T064533Z"
  } ],
  "lastUpdate" : "20141115T232932Z"
}, {
  "date" : "20141114",
  "summary" : [ {
    "activity" : "cycling",
    "group" : "cycling",
    "duration" : 127.0,
    "distance" : 9.0
  }, {
    "activity" : "walking",
    "group" : "walking",
    "duration" : 8066.0,
    "distance" : 5417.0,
    "steps" : 10761
  }, {
    "activity" : "transport",
    "group" : "transport",
    "duration" : 24004.0,
    "distance" : 4159.0
  } ],
  "segments" : [ {
    "type" : "move",
    "startTime" : "20141114T083358-0500",
    "endTime" : "20141115T164637-0500",
    "activities" : [ {
      "activity" : "walking",
      "group" : "walking",
      "manual" : false,
      "startTime" : "20141114T083358-0500",
      "endTime" : "20141114T083651-0500",
      "duration" : 173.0,
      "distance" : 87.0,
      "steps" : 132
    }, {
      "activity" : "walking",
      "group" : "walking",
      "manual" : false,
      "startTime" : "20141114T084428-0500",
      "endTime" : "20141114T084649-0500",
      "duration" : 141.0,
      "distance" : 129.0,
      "steps" : 258
    }, {
      "activity" : "walking",
      "group" : "walking",
      "manual" : false,
      "startTime" : "20141114T090827-0500",
      "endTime" : "20141114T091146-0500",
      "duration" : 199.0,
      "distance" : 177.0,
      "steps" : 355
    }, {
      "activity" : "walking",
      "group" : "walking",
      "manual" : false,
      "startTime" : "20141114T091624-0500",
      "endTime" : "20141114T091855-0500",
      "duration" : 151.0,
      "distance" : 138.0,
      "steps" : 276
    }, {
      "activity" : "walking",
      "group" : "walking",
      "manual" : false,
      "startTime" : "20141114T095214-0500",
      "endTime" : "20141114T095546-0500",
      "duration" : 212.0,
      "distance" : 158.0,
      "steps" : 317
    }, {
      "activity" : "walking",
      "group" : "walking",
      "manual" : false,
      "startTime" : "20141114T100459-0500",
      "endTime" : "20141114T100749-0500",
      "duration" : 170.0,
      "distance" : 161.0,
      "steps" : 323
    }, {
      "activity" : "walking",
      "group" : "walking",
      "manual" : false,
      "startTime" : "20141114T101135-0500",
      "endTime" : "20141114T101356-0500",
      "duration" : 141.0,
      "distance" : 101.0,
      "steps" : 203
    }, {
      "activity" : "walking",
      "group" : "walking",
      "manual" : false,
      "startTime" : "20141114T102608-0500",
      "endTime" : "20141114T103928-0500",
      "duration" : 800.0,
      "distance" : 529.0,
      "steps" : 1059
    }, {
      "activity" : "transport",
      "group" : "transport",
      "manual" : false,
      "startTime" : "20141114T103928-0500",
      "endTime" : "20141114T124236-0500",
      "duration" : 7388.0,
      "distance" : 1280.0
    }, {
      "activity" : "walking",
      "group" : "walking",
      "manual" : false,
      "startTime" : "20141114T124235-0500",
      "endTime" : "20141114T125143-0500",
      "duration" : 548.0,
      "distance" : 319.0,
      "steps" : 638
    }, {
      "activity" : "walking",
      "group" : "walking",
      "manual" : false,
      "startTime" : "20141114T141353-0500",
      "endTime" : "20141114T141824-0500",
      "duration" : 271.0,
      "distance" : 158.0,
      "steps" : 315
    }, {
      "activity" : "cycling",
      "group" : "cycling",
      "manual" : false,
      "startTime" : "20141114T143211-0500",
      "endTime" : "20141114T143418-0500",
      "duration" : 127.0,
      "distance" : 9.0
    }, {
      "activity" : "walking",
      "group" : "walking",
      "manual" : false,
      "startTime" : "20141114T152254-0500",
      "endTime" : "20141114T160904-0500",
      "duration" : 2770.0,
      "distance" : 1707.0,
      "steps" : 3415
    }, {
      "activity" : "walking",
      "group" : "walking",
      "manual" : false,
      "startTime" : "20141114T162854-0500",
      "endTime" : "20141114T163117-0500",
      "duration" : 143.0,
      "distance" : 71.0,
      "steps" : 116
    }, {
      "activity" : "transport",
      "group" : "transport",
      "manual" : false,
      "startTime" : "20141114T163117-0500",
      "endTime" : "20141114T183742-0500",
      "duration" : 7585.0,
      "distance" : 1314.0
    }, {
      "activity" : "walking",
      "group" : "walking",
      "manual" : false,
      "startTime" : "20141114T183742-0500",
      "endTime" : "20141114T185142-0500",
      "duration" : 840.0,
      "distance" : 634.0,
      "steps" : 1268
    }, {
      "activity" : "walking",
      "group" : "walking",
      "manual" : false,
      "startTime" : "20141114T190924-0500",
      "endTime" : "20141114T191200-0500",
      "duration" : 156.0,
      "distance" : 78.0,
      "steps" : 148
    }, {
      "activity" : "walking",
      "group" : "walking",
      "manual" : false,
      "startTime" : "20141114T193736-0500",
      "endTime" : "20141114T194013-0500",
      "duration" : 157.0,
      "distance" : 132.0,
      "steps" : 265
    }, {
      "activity" : "transport",
      "group" : "transport",
      "manual" : false,
      "startTime" : "20141114T194013-0500",
      "endTime" : "20141114T210600-0500",
      "duration" : 5147.0,
      "distance" : 892.0
    }, {
      "activity" : "walking",
      "group" : "walking",
      "manual" : false,
      "startTime" : "20141114T210600-0500",
      "endTime" : "20141114T211214-0500",
      "duration" : 374.0,
      "distance" : 232.0,
      "steps" : 463
    }, {
      "activity" : "walking",
      "group" : "walking",
      "manual" : false,
      "startTime" : "20141114T213043-0500",
      "endTime" : "20141114T213245-0500",
      "duration" : 122.0,
      "distance" : 93.0,
      "steps" : 185
    }, {
      "activity" : "walking",
      "group" : "walking",
      "manual" : false,
      "startTime" : "20141114T221757-0500",
      "endTime" : "20141114T222044-0500",
      "duration" : 167.0,
      "distance" : 96.0,
      "steps" : 191
    }, {
      "activity" : "walking",
      "group" : "walking",
      "manual" : false,
      "startTime" : "20141114T224625-0500",
      "endTime" : "20141114T225516-0500",
      "duration" : 531.0,
      "distance" : 417.0,
      "steps" : 834
    }, {
      "activity" : "transport",
      "group" : "transport",
      "manual" : false,
      "startTime" : "20141114T225516-0500",
      "endTime" : "20141115T000000-0500",
      "duration" : 3884.0,
      "distance" : 673.0
    } ],
    "lastUpdate" : "20141115T232932Z"
  } ],
  "lastUpdate" : "20141115T232932Z"
}, {
  "date" : "20141115",
  "summary" : [ {
    "activity" : "walking",
    "group" : "walking",
    "duration" : 5927.0,
    "distance" : 4909.0,
    "steps" : 8050
  }, {
    "activity" : "transport",
    "group" : "transport",
    "duration" : 41322.0,
    "distance" : 8851.0
  } ],
  "segments" : [ {
    "type" : "move",
    "startTime" : "20141114T083358-0500",
    "endTime" : "20141115T164637-0500",
    "activities" : [ {
      "activity" : "transport",
      "group" : "transport",
      "manual" : false,
      "startTime" : "20141115T000000-0500",
      "endTime" : "20141115T092415-0500",
      "duration" : 33855.0,
      "distance" : 5868.0
    }, {
      "activity" : "walking",
      "group" : "walking",
      "manual" : false,
      "startTime" : "20141115T092415-0500",
      "endTime" : "20141115T092736-0500",
      "duration" : 201.0,
      "distance" : 113.0,
      "steps" : 226
    }, {
      "activity" : "walking",
      "group" : "walking",
      "manual" : false,
      "startTime" : "20141115T093209-0500",
      "endTime" : "20141115T093449-0500",
      "duration" : 160.0,
      "distance" : 147.0,
      "steps" : 293
    }, {
      "activity" : "walking",
      "group" : "walking",
      "manual" : false,
      "startTime" : "20141115T093759-0500",
      "endTime" : "20141115T093953-0500",
      "duration" : 114.0,
      "distance" : 101.0,
      "steps" : 202
    }, {
      "activity" : "walking",
      "group" : "walking",
      "manual" : false,
      "startTime" : "20141115T094425-0500",
      "endTime" : "20141115T094726-0500",
      "duration" : 181.0,
      "distance" : 158.0,
      "steps" : 316
    }, {
      "activity" : "walking",
      "group" : "walking",
      "manual" : false,
      "startTime" : "20141115T103342-0500",
      "endTime" : "20141115T103544-0500",
      "duration" : 122.0,
      "distance" : 72.0,
      "steps" : 145
    }, {
      "activity" : "transport",
      "group" : "transport",
      "manual" : false,
      "startTime" : "20141115T124505-0500",
      "endTime" : "20141115T134723-0500",
      "duration" : 3738.0,
      "distance" : 647.0
    }, {
      "activity" : "walking",
      "group" : "walking",
      "manual" : false,
      "startTime" : "20141115T134722-0500",
      "endTime" : "20141115T135451-0500",
      "duration" : 449.0,
      "distance" : 266.0,
      "steps" : 531
    }, {
      "activity" : "transport",
      "group" : "transport",
      "manual" : false,
      "startTime" : "20141115T135451-0500",
      "endTime" : "20141115T144930-0500",
      "duration" : 3279.0,
      "distance" : 568.0
    }, {
      "activity" : "walking",
      "group" : "walking",
      "manual" : false,
      "startTime" : "20141115T144930-0500",
      "endTime" : "20141115T145301-0500",
      "duration" : 211.0,
      "distance" : 105.0,
      "steps" : 183
    }, {
      "activity" : "walking",
      "group" : "walking",
      "manual" : false,
      "startTime" : "20141115T153647-0500",
      "endTime" : "20141115T160450-0500",
      "duration" : 1683.0,
      "distance" : 1283.0,
      "steps" : 2566
    } ],
    "lastUpdate" : "20141115T232932Z"
  }, {
    "type" : "place",
    "startTime" : "20141115T164638-0500",
    "endTime" : "20141115T171818-0500",
    "activities" : [ {
      "activity" : "walking",
      "group" : "walking",
      "manual" : false,
      "startTime" : "20141115T170736-0500",
      "endTime" : "20141115T171101-0500",
      "duration" : 205.0,
      "distance" : 212.0,
      "steps" : 283
    } ],
    "lastUpdate" : "20141115T232932Z"
  }, {
    "type" : "move",
    "startTime" : "20141115T171818-0500",
    "endTime" : "20141115T173210-0500",
    "activities" : [ {
      "activity" : "walking",
      "group" : "walking",
      "manual" : false,
      "startTime" : "20141115T171818-0500",
      "endTime" : "20141115T173211-0500",
      "duration" : 833.0,
      "distance" : 779.0,
      "steps" : 1032
    } ],
    "lastUpdate" : "20141115T232932Z"
  }, {
    "type" : "move",
    "startTime" : "20141115T173431-0500",
    "endTime" : "20141115T174203-0500",
    "activities" : [ {
      "activity" : "walking",
      "group" : "walking",
      "manual" : false,
      "startTime" : "20141115T173431-0500",
      "endTime" : "20141115T174203-0500",
      "duration" : 452.0,
      "distance" : 442.0,
      "steps" : 495
    } ],
    "lastUpdate" : "20141115T232932Z"
  }, {
    "type" : "place",
    "startTime" : "20141115T174203-0500",
    "endTime" : "20141115T174536-0500",
    "activities" : [ {
      "activity" : "walking",
      "group" : "walking",
      "manual" : false,
      "startTime" : "20141115T174203-0500",
      "endTime" : "20141115T174314-0500",
      "duration" : 71.0,
      "distance" : 52.0,
      "steps" : 105
    } ],
    "lastUpdate" : "20141115T232932Z"
  }, {
    "type" : "move",
    "startTime" : "20141115T174536-0500",
    "endTime" : "20141115T175331-0500",
    "activities" : [ {
      "activity" : "walking",
      "group" : "walking",
      "manual" : false,
      "startTime" : "20141115T174536-0500",
      "endTime" : "20141115T175332-0500",
      "duration" : 476.0,
      "distance" : 569.0,
      "steps" : 753
    } ],
    "lastUpdate" : "20141115T232932Z"
  }, {
    "type" : "place",
    "startTime" : "20141115T175331-0500",
    "endTime" : "20141115T193149-0500",
    "activities" : [ {
      "activity" : "walking",
      "group" : "walking",
      "manual" : false,
      "startTime" : "20141115T175546-0500",
      "endTime" : "20141115T175616-0500",
      "duration" : 30.0,
      "distance" : 20.0,
      "steps" : 41
    }, {
      "activity" : "walking",
      "group" : "walking",
      "manual" : false,
      "startTime" : "20141115T192623-0500",
      "endTime" : "20141115T192753-0500",
      "duration" : 90.0,
      "distance" : 65.0,
      "steps" : 131
    } ],
    "lastUpdate" : "20141116T022846Z"
  }, {
    "type" : "move",
    "startTime" : "20141115T193149-0500",
    "endTime" : "20141115T193919-0500",
    "activities" : [ {
      "activity" : "transport",
      "group" : "transport",
      "manual" : false,
      "startTime" : "20141115T193149-0500",
      "endTime" : "20141115T193919-0500",
      "duration" : 450.0,
      "distance" : 1768.0
    } ],
    "lastUpdate" : "20141116T022846Z"
  }, {
    "type" : "place",
    "startTime" : "20141115T193920-0500",
    "endTime" : "20141115T210844-0500",
    "activities" : [ {
      "activity" : "walking",
      "group" : "walking",
      "manual" : false,
      "startTime" : "20141115T193920-0500",
      "endTime" : "20141115T194018-0500",
      "duration" : 58.0,
      "distance" : 29.0,
      "steps" : 53
    }, {
      "activity" : "walking",
      "group" : "walking",
      "manual" : false,
      "startTime" : "20141115T204321-0500",
      "endTime" : "20141115T204351-0500",
      "duration" : 30.0,
      "distance" : 25.0,
      "steps" : 50
    }, {
      "activity" : "walking",
      "group" : "walking",
      "manual" : false,
      "startTime" : "20141115T210138-0500",
      "endTime" : "20141115T210208-0500",
      "duration" : 30.0,
      "distance" : 20.0,
      "steps" : 41
    } ],
    "lastUpdate" : "20141116T110108Z"
  }, {
    "type" : "move",
    "startTime" : "20141115T210844-0500",
    "endTime" : "20141115T211635-0500",
    "activities" : [ {
      "activity" : "walking",
      "group" : "walking",
      "manual" : false,
      "startTime" : "20141115T210844-0500",
      "endTime" : "20141115T211635-0500",
      "duration" : 471.0,
      "distance" : 413.0,
      "steps" : 528
    } ],
    "lastUpdate" : "20141116T110108Z"
  }, {
    "type" : "place",
    "startTime" : "20141115T211635-0500",
    "endTime" : "20141115T213325-0500",
    "activities" : [ {
      "activity" : "walking",
      "group" : "walking",
      "manual" : false,
      "startTime" : "20141115T212159-0500",
      "endTime" : "20141115T212259-0500",
      "duration" : 60.0,
      "distance" : 38.0,
      "steps" : 76
    } ],
    "lastUpdate" : "20141117T002546Z"
  } ],
  "lastUpdate" : "20141117T002546Z"
}, {
  "date" : "20141116",
  "summary" : null,
  "segments" : null,
  "lastUpdate" : "20141117T123252Z"
}, {
  "date" : "20141117",
  "summary" : [ {
    "activity" : "walking",
    "group" : "walking",
    "duration" : 1380.0,
    "distance" : 1381.0,
    "steps" : 1868
  }, {
    "activity" : "transport",
    "group" : "transport",
    "duration" : 7149.0,
    "distance" : 67825.0
  } ],
  "segments" : [ {
    "type" : "place",
    "startTime" : "20141116T180907-0500",
    "endTime" : "20141117T062350-0500",
    "activities" : [ {
      "activity" : "walking",
      "group" : "walking",
      "manual" : false,
      "startTime" : "20141117T062245-0500",
      "endTime" : "20141117T062259-0500",
      "duration" : 14.0,
      "distance" : 14.0,
      "steps" : 27
    } ],
    "lastUpdate" : "20141117T123252Z"
  }, {
    "type" : "move",
    "startTime" : "20141117T062350-0500",
    "endTime" : "20141117T064708-0500",
    "activities" : [ {
      "activity" : "transport",
      "group" : "transport",
      "manual" : false,
      "startTime" : "20141117T062350-0500",
      "endTime" : "20141117T064708-0500",
      "duration" : 1398.0,
      "distance" : 23207.0
    } ],
    "lastUpdate" : "20141117T123252Z"
  }, {
    "type" : "place",
    "startTime" : "20141117T064708-0500",
    "endTime" : "20141117T080810-0500",
    "activities" : [ {
      "activity" : "walking",
      "group" : "walking",
      "manual" : false,
      "startTime" : "20141117T064708-0500",
      "endTime" : "20141117T064803-0500",
      "duration" : 55.0,
      "distance" : 37.0,
      "steps" : 74
    }, {
      "activity" : "walking",
      "group" : "walking",
      "manual" : false,
      "startTime" : "20141117T070019-0500",
      "endTime" : "20141117T070433-0500",
      "duration" : 254.0,
      "distance" : 262.0,
      "steps" : 349
    }, {
      "activity" : "walking",
      "group" : "walking",
      "manual" : false,
      "startTime" : "20141117T080444-0500",
      "endTime" : "20141117T080621-0500",
      "duration" : 97.0,
      "distance" : 83.0,
      "steps" : 166
    } ],
    "lastUpdate" : "20141117T153444Z"
  }, {
    "type" : "move",
    "startTime" : "20141117T080810-0500",
    "endTime" : "20141117T093150-0500",
    "activities" : [ {
      "activity" : "walking",
      "group" : "walking",
      "manual" : false,
      "startTime" : "20141117T080810-0500",
      "endTime" : "20141117T081106-0500",
      "duration" : 176.0,
      "distance" : 175.0,
      "steps" : 218
    }, {
      "activity" : "transport",
      "group" : "transport",
      "manual" : false,
      "startTime" : "20141117T081106-0500",
      "endTime" : "20141117T092944-0500",
      "duration" : 4718.0,
      "distance" : 34765.0
    }, {
      "activity" : "walking",
      "group" : "walking",
      "manual" : false,
      "startTime" : "20141117T092943-0500",
      "endTime" : "20141117T093149-0500",
      "duration" : 126.0,
      "distance" : 152.0,
      "steps" : 126
    } ],
    "lastUpdate" : "20141117T153444Z"
  }, {
    "type" : "place",
    "startTime" : "20141117T093150-0500",
    "endTime" : "20141117T093439-0500",
    "activities" : [ {
      "activity" : "walking",
      "group" : "walking",
      "manual" : false,
      "startTime" : "20141117T093416-0500",
      "endTime" : "20141117T093436-0500",
      "duration" : 20.0,
      "distance" : 10.0,
      "steps" : 15
    } ],
    "lastUpdate" : "20141117T153444Z"
  }, {
    "type" : "move",
    "startTime" : "20141117T093439-0500",
    "endTime" : "20141117T093955-0500",
    "activities" : [ {
      "activity" : "transport",
      "group" : "transport",
      "manual" : false,
      "startTime" : "20141117T093439-0500",
      "endTime" : "20141117T093955-0500",
      "duration" : 316.0,
      "distance" : 3224.0
    } ],
    "lastUpdate" : "20141117T153444Z"
  }, {
    "type" : "place",
    "startTime" : "20141117T093955-0500",
    "endTime" : "20141117T151230-0500",
    "activities" : [ {
      "activity" : "walking",
      "group" : "walking",
      "manual" : false,
      "startTime" : "20141117T094009-0500",
      "endTime" : "20141117T094034-0500",
      "duration" : 25.0,
      "distance" : 20.0,
      "steps" : 40
    }, {
      "activity" : "walking",
      "group" : "walking",
      "manual" : false,
      "startTime" : "20141117T150521-0500",
      "endTime" : "20141117T150558-0500",
      "duration" : 37.0,
      "distance" : 25.0,
      "steps" : 50
    } ],
    "lastUpdate" : "20141120T192717Z"
  }, {
    "type" : "move",
    "startTime" : "20141117T151230-0500",
    "endTime" : "20141117T152122-0500",
    "activities" : [ {
      "activity" : "transport",
      "group" : "transport",
      "manual" : false,
      "startTime" : "20141117T151230-0500",
      "endTime" : "20141117T152123-0500",
      "duration" : 533.0,
      "distance" : 5162.0
    } ],
    "lastUpdate" : "20141120T192717Z"
  }, {
    "type" : "place",
    "startTime" : "20141117T152123-0500",
    "endTime" : "20141117T153535-0500",
    "activities" : [ {
      "activity" : "walking",
      "group" : "walking",
      "manual" : false,
      "startTime" : "20141117T152201-0500",
      "endTime" : "20141117T153137-0500",
      "duration" : 576.0,
      "distance" : 603.0,
      "steps" : 803
    } ],
    "lastUpdate" : "20141120T195828Z"
  }, {
    "type" : "move",
    "startTime" : "20141117T153535-0500",
    "endTime" : "20141117T153838-0500",
    "activities" : [ {
      "activity" : "transport",
      "group" : "transport",
      "manual" : false,
      "startTime" : "20141117T153535-0500",
      "endTime" : "20141117T153839-0500",
      "duration" : 184.0,
      "distance" : 1467.0
    } ],
    "lastUpdate" : "20141120T195828Z"
  } ],
  "lastUpdate" : "20141120T195828Z"
} ]