[ {
  "date" : "20141117",
  "summary" : [ {
    "activity" : "walking",
    "group" : "walking",
    "duration" : 1380.0,
    "distance" : 1381.0,
    "steps" : 1868
  }, {
    "activity" : "transport",
    "group" : "transport",
    "duration" : 7149.0,
    "distance" : 67825.0
  } ],
  "segments" : [ {
    "type" : "place",
    "startTime" : "20141116T180907-0500",
    "endTime" : "20141117T062350-0500",
    "place" : {
      "id" : 279240006,
      "type" : "unknown",
      "location" : {
        "lat" : 3.4499544248,
        "lon" : -76.5396014218
      }
    },
    "activities" : [ {
      "activity" : "walking",
      "group" : "walking",
      "manual" : false,
      "startTime" : "20141117T062245-0500",
      "endTime" : "20141117T062259-0500",
      "duration" : 14.0,
      "distance" : 14.0,
      "steps" : 27,
      "trackPoints" : [ ]
    } ],
    "lastUpdate" : "20141117T123252Z"
  }, {
    "type" : "move",
    "startTime" : "20141117T062350-0500",
    "endTime" : "20141117T064708-0500",
    "activities" : [ {
      "activity" : "transport",
      "group" : "transport",
      "manual" : false,
      "startTime" : "20141117T062350-0500",
      "endTime" : "20141117T064708-0500",
      "duration" : 1398.0,
      "distance" : 23207.0,
      "trackPoints" : [ {
        "lat" : 3.4499544248,
        "lon" : -76.5396014218,
        "time" : "20141117T062350-0500"
      }, {
        "lat" : 3.4563827992,
        "lon" : -76.5296611962,
        "time" : "20141117T062623-0500"
      }, {
        "lat" : 3.4571741576,
        "lon" : -76.5279752902,
        "time" : "20141117T062639-0500"
      }, {
        "lat" : 3.4584140861,
        "lon" : -76.5254749969,
        "time" : "20141117T062740-0500"
      }, {
        "lat" : 3.458461068,
        "lon" : -76.5253346487,
        "time" : "20141117T062800-0500"
      }, {
        "lat" : 3.4584473141,
        "lon" : -76.5253605982,
        "time" : "20141117T062819-0500"
      }, {
        "lat" : 3.4589916102,
        "lon" : -76.5242406823,
        "time" : "20141117T062849-0500"
      }, {
        "lat" : 3.4590966337,
        "lon" : -76.5240553736,
        "time" : "20141117T062909-0500"
      }, {
        "lat" : 3.4644315239,
        "lon" : -76.5150998991,
        "time" : "20141117T062946-0500"
      }, {
        "lat" : 3.4657482036,
        "lon" : -76.5135392856,
        "time" : "20141117T063004-0500"
      }, {
        "lat" : 3.4663211527,
        "lon" : -76.513068625,
        "time" : "20141117T063019-0500"
      }, {
        "lat" : 3.4663094416,
        "lon" : -76.5130804096,
        "time" : "20141117T063039-0500"
      }, {
        "lat" : 3.4833860638,
        "lon" : -76.496670393,
        "time" : "20141117T063318-0500"
      }, {
        "lat" : 3.4855414119,
        "lon" : -76.4952876612,
        "time" : "20141117T063335-0500"
      }, {
        "lat" : 3.4874909193,
        "lon" : -76.4939479899,
        "time" : "20141117T063402-0500"
      }, {
        "lat" : 3.4876415957,
        "lon" : -76.493799485,
        "time" : "20141117T063423-0500"
      }, {
        "lat" : 3.4965640038,
        "lon" : -76.4614695864,
        "time" : "20141117T063705-0500"
      }, {
        "lat" : 3.4970354602,
        "lon" : -76.4601897171,
        "time" : "20141117T063734-0500"
      }, {
        "lat" : 3.4970747864,
        "lon" : -76.4600288749,
        "time" : "20141117T063754-0500"
      }, {
        "lat" : 3.4970413302,
        "lon" : -76.4601747748,
        "time" : "20141117T063810-0500"
      }, {
        "lat" : 3.5044087309,
        "lon" : -76.4282941616,
        "time" : "20141117T064040-0500"
      }, {
        "lat" : 3.5248837733,
        "lon" : -76.3914815293,
        "time" : "20141117T064406-0500"
      }, {
        "lat" : 3.5363854019,
        "lon" : -76.3880423487,
        "time" : "20141117T064708-0500"
      } ]
    } ],
    "lastUpdate" : "20141117T123252Z"
  }, {
    "type" : "place",
    "startTime" : "20141117T064708-0500",
    "endTime" : "20141117T080810-0500",
    "place" : {
      "id" : 279375326,
      "type" : "unknown",
      "location" : {
        "lat" : 3.5366224276,
        "lon" : -76.3878185347
      }
    },
    "activities" : [ {
      "activity" : "walking",
      "group" : "walking",
      "manual" : false,
      "startTime" : "20141117T064708-0500",
      "endTime" : "20141117T064803-0500",
      "duration" : 55.0,
      "distance" : 37.0,
      "steps" : 74,
      "trackPoints" : [ ]
    }, {
      "activity" : "walking",
      "group" : "walking",
      "manual" : false,
      "startTime" : "20141117T070019-0500",
      "endTime" : "20141117T070433-0500",
      "duration" : 254.0,
      "distance" : 262.0,
      "steps" : 349,
      "trackPoints" : [ ]
    }, {
      "activity" : "walking",
      "group" : "walking",
      "manual" : false,
      "startTime" : "20141117T080444-0500",
      "endTime" : "20141117T080621-0500",
      "duration" : 97.0,
      "distance" : 83.0,
      "steps" : 166,
      "trackPoints" : [ ]
    } ],
    "lastUpdate" : "20141117T153444Z"
  }, {
    "type" : "move",
    "startTime" : "20141117T080810-0500",
    "endTime" : "20141117T093150-0500",
    "activities" : [ {
      "activity" : "walking",
      "group" : "walking",
      "manual" : false,
      "startTime" : "20141117T080810-0500",
      "endTime" : "20141117T081106-0500",
      "duration" : 176.0,
      "distance" : 175.0,
      "steps" : 218,
      "trackPoints" : [ {
        "lat" : 3.5366224276,
        "lon" : -76.3878185347,
        "time" : "20141117T080810-0500"
      }, {
        "lat" : 3.5366792259,
        "lon" : -76.3877316963,
        "time" : "20141117T080829-0500"
      }, {
        "lat" : 3.5366718105,
        "lon" : -76.3877386981,
        "time" : "20141117T080849-0500"
      }, {
        "lat" : 3.5366596829,
        "lon" : -76.3877474587,
        "time" : "20141117T080911-0500"
      }, {
        "lat" : 3.5366433814,
        "lon" : -76.3877574693,
        "time" : "20141117T080931-0500"
      }, {
        "lat" : 3.5366129949,
        "lon" : -76.3877710005,
        "time" : "20141117T080951-0500"
      }, {
        "lat" : 3.5354528084,
        "lon" : -76.3881090161,
        "time" : "20141117T081106-0500"
      } ]
    }, {
      "activity" : "transport",
      "group" : "transport",
      "manual" : false,
      "startTime" : "20141117T081106-0500",
      "endTime" : "20141117T092944-0500",
      "duration" : 4718.0,
      "distance" : 34765.0,
      "trackPoints" : [ {
        "lat" : 3.5354528084,
        "lon" : -76.3881090161,
        "time" : "20141117T081106-0500"
      }, {
        "lat" : 3.5118294121,
        "lon" : -76.396427914,
        "time" : "20141117T082103-0500"
      }, {
        "lat" : 3.5112884808,
        "lon" : -76.3990259618,
        "time" : "20141117T082133-0500"
      }, {
        "lat" : 3.5112872758,
        "lon" : -76.3990310957,
        "time" : "20141117T082152-0500"
      }, {
        "lat" : 3.5112864797,
        "lon" : -76.3990344882,
        "time" : "20141117T082212-0500"
      }, {
        "lat" : 3.5112859757,
        "lon" : -76.3990366361,
        "time" : "20141117T082232-0500"
      }, {
        "lat" : 3.5112856977,
        "lon" : -76.3990378215,
        "time" : "20141117T082252-0500"
      }, {
        "lat" : 3.5112855534,
        "lon" : -76.3990384363,
        "time" : "20141117T082314-0500"
      }, {
        "lat" : 3.5112854781,
        "lon" : -76.3990387575,
        "time" : "20141117T082332-0500"
      }, {
        "lat" : 3.5112854356,
        "lon" : -76.3990389388,
        "time" : "20141117T082352-0500"
      }, {
        "lat" : 3.5112853874,
        "lon" : -76.3990391441,
        "time" : "20141117T082413-0500"
      }, {
        "lat" : 3.4984039289,
        "lon" : -76.4540411033,
        "time" : "20141117T082728-0500"
      }, {
        "lat" : 3.4974336953,
        "lon" : -76.4583221031,
        "time" : "20141117T082748-0500"
      }, {
        "lat" : 3.4878080857,
        "lon" : -76.4943921948,
        "time" : "20141117T083122-0500"
      }, {
        "lat" : 3.483893544,
        "lon" : -76.4963977062,
        "time" : "20141117T083205-0500"
      }, {
        "lat" : 3.4837641044,
        "lon" : -76.4964701934,
        "time" : "20141117T083225-0500"
      }, {
        "lat" : 3.4811956613,
        "lon" : -76.4983030787,
        "time" : "20141117T083317-0500"
      }, {
        "lat" : 3.4811608997,
        "lon" : -76.4983915591,
        "time" : "20141117T084001-0500"
      }, {
        "lat" : 3.4803871458,
        "lon" : -76.4995976539,
        "time" : "20141117T084241-0500"
      }, {
        "lat" : 3.4790854481,
        "lon" : -76.5012402661,
        "time" : "20141117T084257-0500"
      }, {
        "lat" : 3.4796270892,
        "lon" : -76.5004028327,
        "time" : "20141117T084321-0500"
      }, {
        "lat" : 3.4784545246,
        "lon" : -76.5016704673,
        "time" : "20141117T084341-0500"
      }, {
        "lat" : 3.4781617121,
        "lon" : -76.5018682959,
        "time" : "20141117T084401-0500"
      }, {
        "lat" : 3.4781564555,
        "lon" : -76.5018557073,
        "time" : "20141117T084422-0500"
      }, {
        "lat" : 3.4765433153,
        "lon" : -76.5039600276,
        "time" : "20141117T084452-0500"
      }, {
        "lat" : 3.4763423482,
        "lon" : -76.5042285783,
        "time" : "20141117T084512-0500"
      }, {
        "lat" : 3.4763281968,
        "lon" : -76.5042619425,
        "time" : "20141117T084533-0500"
      }, {
        "lat" : 3.4763261913,
        "lon" : -76.5042662203,
        "time" : "20141117T084553-0500"
      }, {
        "lat" : 3.4763251514,
        "lon" : -76.5042681111,
        "time" : "20141117T084613-0500"
      }, {
        "lat" : 3.4763245199,
        "lon" : -76.5042691453,
        "time" : "20141117T084633-0500"
      }, {
        "lat" : 3.4763238091,
        "lon" : -76.5042700164,
        "time" : "20141117T084653-0500"
      }, {
        "lat" : 3.4693547411,
        "lon" : -76.5107497264,
        "time" : "20141117T084815-0500"
      }, {
        "lat" : 3.4692718197,
        "lon" : -76.5108234413,
        "time" : "20141117T084833-0500"
      }, {
        "lat" : 3.4650274705,
        "lon" : -76.5145529428,
        "time" : "20141117T084916-0500"
      }, {
        "lat" : 3.464662367,
        "lon" : -76.5150177119,
        "time" : "20141117T084933-0500"
      }, {
        "lat" : 3.4646393202,
        "lon" : -76.5150290834,
        "time" : "20141117T084954-0500"
      }, {
        "lat" : 3.4648184882,
        "lon" : -76.5150524686,
        "time" : "20141117T085014-0500"
      }, {
        "lat" : 3.4629019187,
        "lon" : -76.517765252,
        "time" : "20141117T085125-0500"
      }, {
        "lat" : 3.4628784775,
        "lon" : -76.5178028758,
        "time" : "20141117T085146-0500"
      }, {
        "lat" : 3.4601805154,
        "lon" : -76.5256271058,
        "time" : "20141117T085250-0500"
      }, {
        "lat" : 3.4596678923,
        "lon" : -76.5266117086,
        "time" : "20141117T085312-0500"
      }, {
        "lat" : 3.4597089113,
        "lon" : -76.526834018,
        "time" : "20141117T085335-0500"
      }, {
        "lat" : 3.4597222891,
        "lon" : -76.5269396791,
        "time" : "20141117T085358-0500"
      }, {
        "lat" : 3.4585197841,
        "lon" : -76.5280597091,
        "time" : "20141117T085426-0500"
      }, {
        "lat" : 3.4584700691,
        "lon" : -76.5281187518,
        "time" : "20141117T085448-0500"
      }, {
        "lat" : 3.4573632818,
        "lon" : -76.5300299799,
        "time" : "20141117T085526-0500"
      }, {
        "lat" : 3.457280637,
        "lon" : -76.5301198915,
        "time" : "20141117T085546-0500"
      }, {
        "lat" : 3.4544802634,
        "lon" : -76.5318028679,
        "time" : "20141117T085620-0500"
      }, {
        "lat" : 3.4535851013,
        "lon" : -76.5314513127,
        "time" : "20141117T085644-0500"
      }, {
        "lat" : 3.4535573749,
        "lon" : -76.5314634533,
        "time" : "20141117T085700-0500"
      }, {
        "lat" : 3.4539511834,
        "lon" : -76.5311522301,
        "time" : "20141117T085721-0500"
      }, {
        "lat" : 3.4528372079,
        "lon" : -76.5313886966,
        "time" : "20141117T085740-0500"
      }, {
        "lat" : 3.4527004925,
        "lon" : -76.5313911934,
        "time" : "20141117T085801-0500"
      }, {
        "lat" : 3.4526556456,
        "lon" : -76.5313848026,
        "time" : "20141117T085820-0500"
      }, {
        "lat" : 3.4452533306,
        "lon" : -76.5291696144,
        "time" : "20141117T085959-0500"
      }, {
        "lat" : 3.4452525856,
        "lon" : -76.5291693915,
        "time" : "20141117T090000-0500"
      }, {
        "lat" : 3.4449946616,
        "lon" : -76.5290922061,
        "time" : "20141117T090003-0500"
      }, {
        "lat" : 3.4442360995,
        "lon" : -76.528948084,
        "time" : "20141117T090030-0500"
      }, {
        "lat" : 3.4448401157,
        "lon" : -76.5287701544,
        "time" : "20141117T090132-0500"
      }, {
        "lat" : 3.4425498492,
        "lon" : -76.5285907658,
        "time" : "20141117T090211-0500"
      }, {
        "lat" : 3.4423922726,
        "lon" : -76.5286653155,
        "time" : "20141117T090231-0500"
      }, {
        "lat" : 3.4423848065,
        "lon" : -76.528708105,
        "time" : "20141117T090252-0500"
      }, {
        "lat" : 3.4423324103,
        "lon" : -76.5323552378,
        "time" : "20141117T090334-0500"
      }, {
        "lat" : 3.4423754963,
        "lon" : -76.532574028,
        "time" : "20141117T090354-0500"
      }, {
        "lat" : 3.44240181,
        "lon" : -76.5325848439,
        "time" : "20141117T090415-0500"
      }, {
        "lat" : 3.4424134293,
        "lon" : -76.5325941052,
        "time" : "20141117T090435-0500"
      }, {
        "lat" : 3.4424193568,
        "lon" : -76.5326001036,
        "time" : "20141117T090456-0500"
      }, {
        "lat" : 3.4424221077,
        "lon" : -76.5326034493,
        "time" : "20141117T090515-0500"
      }, {
        "lat" : 3.4424233284,
        "lon" : -76.5326051636,
        "time" : "20141117T090535-0500"
      }, {
        "lat" : 3.4424239787,
        "lon" : -76.5326071209,
        "time" : "20141117T090556-0500"
      }, {
        "lat" : 3.434825084,
        "lon" : -76.5410919896,
        "time" : "20141117T090816-0500"
      }, {
        "lat" : 3.4346954412,
        "lon" : -76.5411774995,
        "time" : "20141117T090836-0500"
      }, {
        "lat" : 3.4346859156,
        "lon" : -76.5411837754,
        "time" : "20141117T090856-0500"
      }, {
        "lat" : 3.4320799073,
        "lon" : -76.5428360487,
        "time" : "20141117T090927-0500"
      }, {
        "lat" : 3.4319147657,
        "lon" : -76.5428862968,
        "time" : "20141117T090947-0500"
      }, {
        "lat" : 3.4318599447,
        "lon" : -76.5429031838,
        "time" : "20141117T091006-0500"
      }, {
        "lat" : 3.4318042914,
        "lon" : -76.5429208067,
        "time" : "20141117T091036-0500"
      }, {
        "lat" : 3.4309783878,
        "lon" : -76.54318405,
        "time" : "20141117T091106-0500"
      }, {
        "lat" : 3.4308424083,
        "lon" : -76.5432390139,
        "time" : "20141117T091126-0500"
      }, {
        "lat" : 3.4240497129,
        "lon" : -76.5466932925,
        "time" : "20141117T091226-0500"
      }, {
        "lat" : 3.4237505691,
        "lon" : -76.5468265356,
        "time" : "20141117T091247-0500"
      }, {
        "lat" : 3.4236537666,
        "lon" : -76.5468612169,
        "time" : "20141117T091307-0500"
      }, {
        "lat" : 3.421231028,
        "lon" : -76.5477062757,
        "time" : "20141117T091326-0500"
      }, {
        "lat" : 3.4211922525,
        "lon" : -76.5477186185,
        "time" : "20141117T091348-0500"
      }, {
        "lat" : 3.418829295,
        "lon" : -76.5479335864,
        "time" : "20141117T091426-0500"
      }, {
        "lat" : 3.4154939439,
        "lon" : -76.5478774167,
        "time" : "20141117T091506-0500"
      }, {
        "lat" : 3.4154428233,
        "lon" : -76.5478865457,
        "time" : "20141117T091528-0500"
      }, {
        "lat" : 3.4154350149,
        "lon" : -76.547887851,
        "time" : "20141117T091551-0500"
      }, {
        "lat" : 3.4154316893,
        "lon" : -76.547888339,
        "time" : "20141117T091606-0500"
      }, {
        "lat" : 3.4154287584,
        "lon" : -76.5478886262,
        "time" : "20141117T091626-0500"
      }, {
        "lat" : 3.4064541489,
        "lon" : -76.5470060106,
        "time" : "20141117T091816-0500"
      }, {
        "lat" : 3.4063328956,
        "lon" : -76.5469910936,
        "time" : "20141117T091837-0500"
      }, {
        "lat" : 3.4063285309,
        "lon" : -76.5469905341,
        "time" : "20141117T091858-0500"
      }, {
        "lat" : 3.3985794857,
        "lon" : -76.5464550841,
        "time" : "20141117T092057-0500"
      }, {
        "lat" : 3.3983730593,
        "lon" : -76.5463993763,
        "time" : "20141117T092117-0500"
      }, {
        "lat" : 3.3982791738,
        "lon" : -76.5463604282,
        "time" : "20141117T092137-0500"
      }, {
        "lat" : 3.3982691773,
        "lon" : -76.5463567341,
        "time" : "20141117T092157-0500"
      }, {
        "lat" : 3.398268759,
        "lon" : -76.5463562265,
        "time" : "20141117T092219-0500"
      }, {
        "lat" : 3.3862690982,
        "lon" : -76.5439652089,
        "time" : "20141117T092538-0500"
      }, {
        "lat" : 3.3862161721,
        "lon" : -76.5439576741,
        "time" : "20141117T092558-0500"
      }, {
        "lat" : 3.3823792796,
        "lon" : -76.543808218,
        "time" : "20141117T092629-0500"
      }, {
        "lat" : 3.3786159037,
        "lon" : -76.5431029655,
        "time" : "20141117T092659-0500"
      }, {
        "lat" : 3.3785811287,
        "lon" : -76.5430972158,
        "time" : "20141117T092718-0500"
      }, {
        "lat" : 3.3771524212,
        "lon" : -76.5428815948,
        "time" : "20141117T092741-0500"
      }, {
        "lat" : 3.3770208027,
        "lon" : -76.5428136169,
        "time" : "20141117T092758-0500"
      }, {
        "lat" : 3.3769275458,
        "lon" : -76.5427595205,
        "time" : "20141117T092820-0500"
      }, {
        "lat" : 3.3767748254,
        "lon" : -76.5426665061,
        "time" : "20141117T092839-0500"
      }, {
        "lat" : 3.3767258392,
        "lon" : -76.5426361788,
        "time" : "20141117T092859-0500"
      }, {
        "lat" : 3.3752578553,
        "lon" : -76.5417151303,
        "time" : "20141117T092919-0500"
      }, {
        "lat" : 3.374396965,
        "lon" : -76.541100454,
        "time" : "20141117T092943-0500"
      } ]
    }, {
      "activity" : "walking",
      "group" : "walking",
      "manual" : false,
      "startTime" : "20141117T092943-0500",
      "endTime" : "20141117T093149-0500",
      "duration" : 126.0,
      "distance" : 152.0,
      "steps" : 126,
      "trackPoints" : [ {
        "lat" : 3.374396965,
        "lon" : -76.541100454,
        "time" : "20141117T092943-0500"
      }, {
        "lat" : 3.3732310911,
        "lon" : -76.5400821148,
        "time" : "20141117T093010-0500"
      }, {
        "lat" : 3.3729721937,
        "lon" : -76.5398547003,
        "time" : "20141117T093031-0500"
      }, {
        "lat" : 3.3728122705,
        "lon" : -76.5397068602,
        "time" : "20141117T093052-0500"
      }, {
        "lat" : 3.3727434835,
        "lon" : -76.5396366987,
        "time" : "20141117T093110-0500"
      }, {
        "lat" : 3.3726930072,
        "lon" : -76.5395781465,
        "time" : "20141117T093130-0500"
      }, {
        "lat" : 3.3723670246,
        "lon" : -76.5391078155,
        "time" : "20141117T093150-0500"
      } ]
    } ],
    "lastUpdate" : "20141117T153444Z"
  }, {
    "type" : "place",
    "startTime" : "20141117T093150-0500",
    "endTime" : "20141117T093439-0500",
    "place" : {
      "id" : 278226846,
      "type" : "unknown",
      "location" : {
        "lat" : 3.3723670246,
        "lon" : -76.5391078155
      }
    },
    "activities" : [ {
      "activity" : "walking",
      "group" : "walking",
      "manual" : false,
      "startTime" : "20141117T093416-0500",
      "endTime" : "20141117T093436-0500",
      "duration" : 20.0,
      "distance" : 10.0,
      "steps" : 15,
      "trackPoints" : [ ]
    } ],
    "lastUpdate" : "20141117T153444Z"
  }, {
    "type" : "move",
    "startTime" : "20141117T093439-0500",
    "endTime" : "20141117T093955-0500",
    "activities" : [ {
      "activity" : "transport",
      "group" : "transport",
      "manual" : false,
      "startTime" : "20141117T093439-0500",
      "endTime" : "20141117T093955-0500",
      "duration" : 316.0,
      "distance" : 3224.0,
      "trackPoints" : [ {
        "lat" : 3.3723670246,
        "lon" : -76.5391078155,
        "time" : "20141117T093439-0500"
      }, {
        "lat" : 3.3724033043,
        "lon" : -76.5391677921,
        "time" : "20141117T093501-0500"
      }, {
        "lat" : 3.3631356094,
        "lon" : -76.547052698,
        "time" : "20141117T093711-0500"
      }, {
        "lat" : 3.3627544907,
        "lon" : -76.5489723355,
        "time" : "20141117T093726-0500"
      }, {
        "lat" : 3.3626162285,
        "lon" : -76.5493778268,
        "time" : "20141117T093753-0500"
      }, {
        "lat" : 3.3632650607,
        "lon" : -76.5569786299,
        "time" : "20141117T093905-0500"
      }, {
        "lat" : 3.363352509,
        "lon" : -76.557245846,
        "time" : "20141117T093928-0500"
      }, {
        "lat" : 3.3646059183,
        "lon" : -76.559999961,
        "time" : "20141117T093955-0500"
      } ]
    } ],
    "lastUpdate" : "20141117T153444Z"
  }, {
    "type" : "place",
    "startTime" : "20141117T093955-0500",
    "endTime" : "20141117T151230-0500",
    "place" : {
      "id" : 278254819,
      "type" : "unknown",
      "location" : {
        "lat" : 3.3646059183,
        "lon" : -76.559999961
      }
    },
    "activities" : [ {
      "activity" : "walking",
      "group" : "walking",
      "manual" : false,
      "startTime" : "20141117T094009-0500",
      "endTime" : "20141117T094034-0500",
      "duration" : 25.0,
      "distance" : 20.0,
      "steps" : 40,
      "trackPoints" : [ ]
    }, {
      "activity" : "walking",
      "group" : "walking",
      "manual" : false,
      "startTime" : "20141117T150521-0500",
      "endTime" : "20141117T150558-0500",
      "duration" : 37.0,
      "distance" : 25.0,
      "steps" : 50,
      "trackPoints" : [ ]
    } ],
    "lastUpdate" : "20141120T192717Z"
  }, {
    "type" : "move",
    "startTime" : "20141117T151230-0500",
    "endTime" : "20141117T152122-0500",
    "activities" : [ {
      "activity" : "transport",
      "group" : "transport",
      "manual" : false,
      "startTime" : "20141117T151230-0500",
      "endTime" : "20141117T152123-0500",
      "duration" : 533.0,
      "distance" : 5162.0,
      "trackPoints" : [ {
        "lat" : 3.3646059183,
        "lon" : -76.559999961,
        "time" : "20141117T151230-0500"
      }, {
        "lat" : 3.3694947807,
        "lon" : -76.5417882144,
        "time" : "20141117T151414-0500"
      }, {
        "lat" : 3.3709393843,
        "lon" : -76.5411817368,
        "time" : "20141117T151433-0500"
      }, {
        "lat" : 3.3726403861,
        "lon" : -76.5394072907,
        "time" : "20141117T151537-0500"
      }, {
        "lat" : 3.3727424451,
        "lon" : -76.5393140482,
        "time" : "20141117T151558-0500"
      }, {
        "lat" : 3.3756482273,
        "lon" : -76.5375312233,
        "time" : "20141117T151719-0500"
      }, {
        "lat" : 3.3766754173,
        "lon" : -76.5372960456,
        "time" : "20141117T151744-0500"
      }, {
        "lat" : 3.3793660743,
        "lon" : -76.5375258334,
        "time" : "20141117T151804-0500"
      }, {
        "lat" : 3.387051621,
        "lon" : -76.5382699015,
        "time" : "20141117T151929-0500"
      }, {
        "lat" : 3.3871673612,
        "lon" : -76.5380416282,
        "time" : "20141117T151949-0500"
      }, {
        "lat" : 3.3871710554,
        "lon" : -76.5380379808,
        "time" : "20141117T152008-0500"
      }, {
        "lat" : 3.3869380566,
        "lon" : -76.5402846424,
        "time" : "20141117T152122-0500"
      } ]
    } ],
    "lastUpdate" : "20141120T192717Z"
  }, {
    "type" : "place",
    "startTime" : "20141117T152123-0500",
    "endTime" : "20141117T153535-0500",
    "place" : {
      "id" : 279486755,
      "type" : "unknown",
      "location" : {
        "lat" : 3.3869380566,
        "lon" : -76.5402846424
      }
    },
    "activities" : [ {
      "activity" : "walking",
      "group" : "walking",
      "manual" : false,
      "startTime" : "20141117T152201-0500",
      "endTime" : "20141117T153137-0500",
      "duration" : 576.0,
      "distance" : 603.0,
      "steps" : 803,
      "trackPoints" : [ ]
    } ],
    "lastUpdate" : "20141120T195828Z"
  }, {
    "type" : "move",
    "startTime" : "20141117T153535-0500",
    "endTime" : "20141117T153838-0500",
    "activities" : [ {
      "activity" : "transport",
      "group" : "transport",
      "manual" : false,
      "startTime" : "20141117T153535-0500",
      "endTime" : "20141117T153839-0500",
      "duration" : 184.0,
      "distance" : 1467.0,
      "trackPoints" : [ {
        "lat" : 3.3869380566,
        "lon" : -76.5402846424,
        "time" : "20141117T153535-0500"
      }, {
        "lat" : 3.3862749691,
        "lon" : -76.5428158523,
        "time" : "20141117T153553-0500"
      }, {
        "lat" : 3.386752896,
        "lon" : -76.5396046599,
        "time" : "20141117T153619-0500"
      }, {
        "lat" : 3.384813622,
        "lon" : -76.533514147,
        "time" : "20141117T153838-0500"
      } ]
    } ],
    "lastUpdate" : "20141120T195828Z"
  } ],
  "lastUpdate" : "20141120T195828Z"
} ]