[ {
  "date" : "20141113",
  "summary" : [ {
    "activity" : "walking",
    "group" : "walking",
    "duration" : 3293.0,
    "distance" : 3205.0,
    "steps" : 4463
  }, {
    "activity" : "transport",
    "group" : "transport",
    "duration" : 2446.0,
    "distance" : 14149.0
  } ],
  "segments" : [ {
    "type" : "place",
    "startTime" : "20141113T181419-0500",
    "endTime" : "20141113T183801-0500",
    "place" : {
      "id" : 278188538,
      "type" : "unknown",
      "location" : {
        "lat" : 3.4639859148,
        "lon" : -76.5301227752
      }
    },
    "lastUpdate" : "20141114T011158Z"
  }, {
    "type" : "move",
    "startTime" : "20141113T183801-0500",
    "endTime" : "20141113T184640-0500",
    "activities" : [ {
      "activity" : "walking",
      "group" : "walking",
      "manual" : false,
      "startTime" : "20141113T183801-0500",
      "endTime" : "20141113T184345-0500",
      "duration" : 344.0,
      "distance" : 274.0,
      "steps" : 486,
      "trackPoints" : [ {
        "lat" : 3.4639859148,
        "lon" : -76.5301227752,
        "time" : "20141113T183801-0500"
      }, {
        "lat" : 3.4640400671,
        "lon" : -76.5301368729,
        "time" : "20141113T183831-0500"
      }, {
        "lat" : 3.4640208754,
        "lon" : -76.5301401303,
        "time" : "20141113T183851-0500"
      }, {
        "lat" : 3.4639926182,
        "lon" : -76.5301448581,
        "time" : "20141113T183912-0500"
      }, {
        "lat" : 3.4639591013,
        "lon" : -76.5301508413,
        "time" : "20141113T183932-0500"
      }, {
        "lat" : 3.4639203474,
        "lon" : -76.5301583123,
        "time" : "20141113T183952-0500"
      }, {
        "lat" : 3.4638867525,
        "lon" : -76.5301644381,
        "time" : "20141113T184012-0500"
      }, {
        "lat" : 3.4638539371,
        "lon" : -76.5301709126,
        "time" : "20141113T184032-0500"
      }, {
        "lat" : 3.4632872663,
        "lon" : -76.5303281946,
        "time" : "20141113T184052-0500"
      }, {
        "lat" : 3.4627301621,
        "lon" : -76.5304976936,
        "time" : "20141113T184112-0500"
      }, {
        "lat" : 3.4624323351,
        "lon" : -76.53060507,
        "time" : "20141113T184132-0500"
      }, {
        "lat" : 3.4622516858,
        "lon" : -76.5306775523,
        "time" : "20141113T184151-0500"
      }, {
        "lat" : 3.4621267495,
        "lon" : -76.5307333949,
        "time" : "20141113T184211-0500"
      }, {
        "lat" : 3.4620414376,
        "lon" : -76.5307745026,
        "time" : "20141113T184231-0500"
      }, {
        "lat" : 3.4619718255,
        "lon" : -76.5308099132,
        "time" : "20141113T184251-0500"
      }, {
        "lat" : 3.4618950147,
        "lon" : -76.530850805,
        "time" : "20141113T184311-0500"
      }, {
        "lat" : 3.4617925696,
        "lon" : -76.5309115571,
        "time" : "20141113T184345-0500"
      } ]
    }, {
      "activity" : "transport",
      "group" : "transport",
      "manual" : false,
      "startTime" : "20141113T184345-0500",
      "endTime" : "20141113T184641-0500",
      "duration" : 176.0,
      "distance" : 380.0,
      "trackPoints" : [ {
        "lat" : 3.4617925696,
        "lon" : -76.5309115571,
        "time" : "20141113T184345-0500"
      }, {
        "lat" : 3.4616839076,
        "lon" : -76.531016622,
        "time" : "20141113T184402-0500"
      }, {
        "lat" : 3.4615504884,
        "lon" : -76.5312037956,
        "time" : "20141113T184431-0500"
      }, {
        "lat" : 3.4603218728,
        "lon" : -76.5335156109,
        "time" : "20141113T184640-0500"
      } ]
    } ],
    "lastUpdate" : "20141114T011158Z"
  }, {
    "type" : "place",
    "startTime" : "20141113T184641-0500",
    "endTime" : "20141113T192450-0500",
    "place" : {
      "id" : 278203003,
      "type" : "unknown",
      "location" : {
        "lat" : 3.4603218728,
        "lon" : -76.5335156109
      }
    },
    "activities" : [ {
      "activity" : "walking",
      "group" : "walking",
      "manual" : false,
      "startTime" : "20141113T185008-0500",
      "endTime" : "20141113T185304-0500",
      "duration" : 176.0,
      "distance" : 132.0,
      "steps" : 147,
      "trackPoints" : [ ]
    } ],
    "lastUpdate" : "20141114T033339Z"
  }, {
    "type" : "move",
    "startTime" : "20141113T192450-0500",
    "endTime" : "20141113T193839-0500",
    "activities" : [ {
      "activity" : "walking",
      "group" : "walking",
      "manual" : false,
      "startTime" : "20141113T192450-0500",
      "endTime" : "20141113T193840-0500",
      "duration" : 830.0,
      "distance" : 928.0,
      "steps" : 1245,
      "trackPoints" : [ {
        "lat" : 3.4603218728,
        "lon" : -76.5335156109,
        "time" : "20141113T192450-0500"
      }, {
        "lat" : 3.4581999673,
        "lon" : -76.535103239,
        "time" : "20141113T192813-0500"
      }, {
        "lat" : 3.4582031327,
        "lon" : -76.5351682696,
        "time" : "20141113T192835-0500"
      }, {
        "lat" : 3.4581866059,
        "lon" : -76.5352276229,
        "time" : "20141113T192851-0500"
      }, {
        "lat" : 3.4581719587,
        "lon" : -76.5352516198,
        "time" : "20141113T192911-0500"
      }, {
        "lat" : 3.458115656,
        "lon" : -76.5352946527,
        "time" : "20141113T192931-0500"
      }, {
        "lat" : 3.4567749711,
        "lon" : -76.5362657925,
        "time" : "20141113T193145-0500"
      }, {
        "lat" : 3.4566269567,
        "lon" : -76.5363308806,
        "time" : "20141113T193205-0500"
      }, {
        "lat" : 3.4553175547,
        "lon" : -76.5366556623,
        "time" : "20141113T193529-0500"
      }, {
        "lat" : 3.4542580434,
        "lon" : -76.5373589198,
        "time" : "20141113T193839-0500"
      } ]
    } ],
    "lastUpdate" : "20141114T033339Z"
  }, {
    "type" : "place",
    "startTime" : "20141113T193840-0500",
    "endTime" : "20141113T194806-0500",
    "place" : {
      "id" : 278224958,
      "type" : "unknown",
      "location" : {
        "lat" : 3.4542580434,
        "lon" : -76.5373589198
      }
    },
    "activities" : [ {
      "activity" : "walking",
      "group" : "walking",
      "manual" : false,
      "startTime" : "20141113T194400-0500",
      "endTime" : "20141113T194430-0500",
      "duration" : 30.0,
      "distance" : 15.0,
      "steps" : 25,
      "trackPoints" : [ ]
    } ],
    "lastUpdate" : "20141114T033339Z"
  }, {
    "type" : "move",
    "startTime" : "20141113T194806-0500",
    "endTime" : "20141113T200700-0500",
    "activities" : [ {
      "activity" : "walking",
      "group" : "walking",
      "manual" : false,
      "startTime" : "20141113T194806-0500",
      "endTime" : "20141113T200701-0500",
      "duration" : 1135.0,
      "distance" : 1077.0,
      "steps" : 1461,
      "trackPoints" : [ {
        "lat" : 3.4542580434,
        "lon" : -76.5373589198,
        "time" : "20141113T194806-0500"
      }, {
        "lat" : 3.4541577433,
        "lon" : -76.5373113343,
        "time" : "20141113T194934-0500"
      }, {
        "lat" : 3.4539895141,
        "lon" : -76.5381567627,
        "time" : "20141113T195258-0500"
      }, {
        "lat" : 3.4539168406,
        "lon" : -76.538242071,
        "time" : "20141113T195314-0500"
      }, {
        "lat" : 3.4510506332,
        "lon" : -76.5402691111,
        "time" : "20141113T195959-0500"
      }, {
        "lat" : 3.4510505624,
        "lon" : -76.5402691612,
        "time" : "20141113T200000-0500"
      }, {
        "lat" : 3.4508737214,
        "lon" : -76.5403942267,
        "time" : "20141113T200024-0500"
      }, {
        "lat" : 3.4508141212,
        "lon" : -76.5404221235,
        "time" : "20141113T200052-0500"
      }, {
        "lat" : 3.4506433258,
        "lon" : -76.5399148462,
        "time" : "20141113T200132-0500"
      }, {
        "lat" : 3.4505884764,
        "lon" : -76.5397744536,
        "time" : "20141113T200152-0500"
      }, {
        "lat" : 3.4505446024,
        "lon" : -76.539742548,
        "time" : "20141113T200212-0500"
      }, {
        "lat" : 3.450373548,
        "lon" : -76.5398709031,
        "time" : "20141113T200242-0500"
      }, {
        "lat" : 3.4501039302,
        "lon" : -76.5400978631,
        "time" : "20141113T200312-0500"
      }, {
        "lat" : 3.449776001,
        "lon" : -76.5404373017,
        "time" : "20141113T200343-0500"
      }, {
        "lat" : 3.449679512,
        "lon" : -76.540521498,
        "time" : "20141113T200401-0500"
      }, {
        "lat" : 3.4480823954,
        "lon" : -76.5412180778,
        "time" : "20141113T200700-0500"
      } ]
    } ],
    "lastUpdate" : "20141114T033339Z"
  }, {
    "type" : "place",
    "startTime" : "20141113T200701-0500",
    "endTime" : "20141113T215933-0500",
    "place" : {
      "id" : 278224959,
      "type" : "unknown",
      "location" : {
        "lat" : 3.4480823954,
        "lon" : -76.5412180778
      }
    },
    "activities" : [ {
      "activity" : "walking",
      "group" : "walking",
      "manual" : false,
      "startTime" : "20141113T200747-0500",
      "endTime" : "20141113T201049-0500",
      "duration" : 182.0,
      "distance" : 192.0,
      "steps" : 256,
      "trackPoints" : [ ]
    } ],
    "lastUpdate" : "20141114T064533Z"
  }, {
    "type" : "move",
    "startTime" : "20141113T215933-0500",
    "endTime" : "20141113T224719-0500",
    "activities" : [ {
      "activity" : "walking",
      "group" : "walking",
      "manual" : false,
      "startTime" : "20141113T215933-0500",
      "endTime" : "20141113T220729-0500",
      "duration" : 476.0,
      "distance" : 405.0,
      "steps" : 691,
      "trackPoints" : [ {
        "lat" : 3.4480823954,
        "lon" : -76.5412180778,
        "time" : "20141113T215933-0500"
      }, {
        "lat" : 3.4483088459,
        "lon" : -76.5411243415,
        "time" : "20141113T215954-0500"
      }, {
        "lat" : 3.4483172647,
        "lon" : -76.5411296202,
        "time" : "20141113T215959-0500"
      }, {
        "lat" : 3.4483172789,
        "lon" : -76.5411296291,
        "time" : "20141113T220000-0500"
      }, {
        "lat" : 3.4483355534,
        "lon" : -76.5411410873,
        "time" : "20141113T220012-0500"
      }, {
        "lat" : 3.4484142677,
        "lon" : -76.5411911802,
        "time" : "20141113T220032-0500"
      }, {
        "lat" : 3.4485399173,
        "lon" : -76.5412721669,
        "time" : "20141113T220102-0500"
      }, {
        "lat" : 3.4486007818,
        "lon" : -76.5413109959,
        "time" : "20141113T220122-0500"
      }, {
        "lat" : 3.4486584393,
        "lon" : -76.5413161153,
        "time" : "20141113T220142-0500"
      }, {
        "lat" : 3.4489156972,
        "lon" : -76.5411028034,
        "time" : "20141113T220210-0500"
      }, {
        "lat" : 3.4490322392,
        "lon" : -76.5409694051,
        "time" : "20141113T220230-0500"
      }, {
        "lat" : 3.4491859557,
        "lon" : -76.540424032,
        "time" : "20141113T220310-0500"
      }, {
        "lat" : 3.4492159002,
        "lon" : -76.5403200671,
        "time" : "20141113T220330-0500"
      }, {
        "lat" : 3.4492382162,
        "lon" : -76.5402726226,
        "time" : "20141113T220350-0500"
      }, {
        "lat" : 3.449258904,
        "lon" : -76.5402419502,
        "time" : "20141113T220412-0500"
      }, {
        "lat" : 3.4493121189,
        "lon" : -76.5401872381,
        "time" : "20141113T220434-0500"
      }, {
        "lat" : 3.4496520639,
        "lon" : -76.5398686697,
        "time" : "20141113T220452-0500"
      }, {
        "lat" : 3.4499014697,
        "lon" : -76.5396462914,
        "time" : "20141113T220512-0500"
      }, {
        "lat" : 3.4500293651,
        "lon" : -76.5395699309,
        "time" : "20141113T220532-0500"
      }, {
        "lat" : 3.4501156311,
        "lon" : -76.5395360417,
        "time" : "20141113T220552-0500"
      }, {
        "lat" : 3.4502000826,
        "lon" : -76.5395140041,
        "time" : "20141113T220614-0500"
      }, {
        "lat" : 3.450484224,
        "lon" : -76.5394574324,
        "time" : "20141113T220652-0500"
      }, {
        "lat" : 3.450551833,
        "lon" : -76.5394455978,
        "time" : "20141113T220713-0500"
      }, {
        "lat" : 3.4505601368,
        "lon" : -76.5394389017,
        "time" : "20141113T220728-0500"
      } ]
    }, {
      "activity" : "transport",
      "group" : "transport",
      "manual" : false,
      "startTime" : "20141113T220728-0500",
      "endTime" : "20141113T223822-0500",
      "duration" : 1854.0,
      "distance" : 10847.0,
      "trackPoints" : [ {
        "lat" : 3.4505601368,
        "lon" : -76.5394389017,
        "time" : "20141113T220728-0500"
      }, {
        "lat" : 3.4503916311,
        "lon" : -76.5392785743,
        "time" : "20141113T220803-0500"
      }, {
        "lat" : 3.4502957223,
        "lon" : -76.5391620125,
        "time" : "20141113T220826-0500"
      }, {
        "lat" : 3.4465467946,
        "lon" : -76.5329778146,
        "time" : "20141113T220958-0500"
      }, {
        "lat" : 3.4463789462,
        "lon" : -76.5328910041,
        "time" : "20141113T221013-0500"
      }, {
        "lat" : 3.4455641735,
        "lon" : -76.5327149932,
        "time" : "20141113T221033-0500"
      }, {
        "lat" : 3.4405588166,
        "lon" : -76.5366477783,
        "time" : "20141113T221523-0500"
      }, {
        "lat" : 3.4404181376,
        "lon" : -76.5367494243,
        "time" : "20141113T221543-0500"
      }, {
        "lat" : 3.4405023858,
        "lon" : -76.5366887742,
        "time" : "20141113T221603-0500"
      }, {
        "lat" : 3.4389693897,
        "lon" : -76.5376993931,
        "time" : "20141113T221623-0500"
      }, {
        "lat" : 3.4371171002,
        "lon" : -76.5390718706,
        "time" : "20141113T221655-0500"
      }, {
        "lat" : 3.436770271,
        "lon" : -76.5392313993,
        "time" : "20141113T221724-0500"
      }, {
        "lat" : 3.4367337114,
        "lon" : -76.5392518634,
        "time" : "20141113T221745-0500"
      }, {
        "lat" : 3.4328754785,
        "lon" : -76.5425513441,
        "time" : "20141113T221854-0500"
      }, {
        "lat" : 3.4327362417,
        "lon" : -76.5426495184,
        "time" : "20141113T221914-0500"
      }, {
        "lat" : 3.432691424,
        "lon" : -76.5426756701,
        "time" : "20141113T221934-0500"
      }, {
        "lat" : 3.4284071168,
        "lon" : -76.5451162912,
        "time" : "20141113T221957-0500"
      }, {
        "lat" : 3.4259380843,
        "lon" : -76.5462058526,
        "time" : "20141113T222015-0500"
      }, {
        "lat" : 3.4255120314,
        "lon" : -76.5461722348,
        "time" : "20141113T222037-0500"
      }, {
        "lat" : 3.4253794882,
        "lon" : -76.5461930195,
        "time" : "20141113T222058-0500"
      }, {
        "lat" : 3.4254007678,
        "lon" : -76.5461707687,
        "time" : "20141113T222118-0500"
      }, {
        "lat" : 3.423674701,
        "lon" : -76.5470065577,
        "time" : "20141113T222138-0500"
      }, {
        "lat" : 3.4236412736,
        "lon" : -76.5470209345,
        "time" : "20141113T222200-0500"
      }, {
        "lat" : 3.4214870931,
        "lon" : -76.5477662456,
        "time" : "20141113T222238-0500"
      }, {
        "lat" : 3.4210047817,
        "lon" : -76.5478344936,
        "time" : "20141113T222259-0500"
      }, {
        "lat" : 3.4152010746,
        "lon" : -76.5485179146,
        "time" : "20141113T222320-0500"
      }, {
        "lat" : 3.414463695,
        "lon" : -76.5484155556,
        "time" : "20141113T222336-0500"
      }, {
        "lat" : 3.4144201503,
        "lon" : -76.5484092999,
        "time" : "20141113T222358-0500"
      }, {
        "lat" : 3.4063544897,
        "lon" : -76.5471430256,
        "time" : "20141113T222719-0500"
      }, {
        "lat" : 3.405218217,
        "lon" : -76.5469077926,
        "time" : "20141113T222745-0500"
      }, {
        "lat" : 3.4063412956,
        "lon" : -76.5471702268,
        "time" : "20141113T222815-0500"
      }, {
        "lat" : 3.3987466268,
        "lon" : -76.5465443705,
        "time" : "20141113T223015-0500"
      }, {
        "lat" : 3.398738864,
        "lon" : -76.5465433309,
        "time" : "20141113T223037-0500"
      }, {
        "lat" : 3.3889215891,
        "lon" : -76.5447409635,
        "time" : "20141113T223245-0500"
      }, {
        "lat" : 3.3885125157,
        "lon" : -76.5447095479,
        "time" : "20141113T223305-0500"
      }, {
        "lat" : 3.3884389189,
        "lon" : -76.5447081712,
        "time" : "20141113T223325-0500"
      }, {
        "lat" : 3.3881076483,
        "lon" : -76.5446782922,
        "time" : "20141113T223345-0500"
      }, {
        "lat" : 3.3880499143,
        "lon" : -76.5446577959,
        "time" : "20141113T223426-0500"
      }, {
        "lat" : 3.3879832791,
        "lon" : -76.5446464274,
        "time" : "20141113T223518-0500"
      }, {
        "lat" : 3.3877505893,
        "lon" : -76.5446066936,
        "time" : "20141113T223537-0500"
      }, {
        "lat" : 3.3767274863,
        "lon" : -76.5426841841,
        "time" : "20141113T223652-0500"
      }, {
        "lat" : 3.376879918,
        "lon" : -76.5427575697,
        "time" : "20141113T223716-0500"
      }, {
        "lat" : 3.3768928287,
        "lon" : -76.5427629395,
        "time" : "20141113T223737-0500"
      }, {
        "lat" : 3.3768939641,
        "lon" : -76.5427631521,
        "time" : "20141113T223757-0500"
      }, {
        "lat" : 3.3768971192,
        "lon" : -76.5427650942,
        "time" : "20141113T223822-0500"
      } ]
    }, {
      "activity" : "walking",
      "group" : "walking",
      "manual" : false,
      "startTime" : "20141113T223822-0500",
      "endTime" : "20141113T224022-0500",
      "duration" : 120.0,
      "distance" : 182.0,
      "steps" : 152,
      "trackPoints" : [ {
        "lat" : 3.3768971192,
        "lon" : -76.5427650942,
        "time" : "20141113T223822-0500"
      }, {
        "lat" : 3.3768966452,
        "lon" : -76.5427648884,
        "time" : "20141113T223847-0500"
      }, {
        "lat" : 3.3721231273,
        "lon" : -76.5389655904,
        "time" : "20141113T224022-0500"
      } ]
    }, {
      "activity" : "transport",
      "group" : "transport",
      "manual" : false,
      "startTime" : "20141113T224022-0500",
      "endTime" : "20141113T224718-0500",
      "duration" : 416.0,
      "distance" : 2922.0,
      "trackPoints" : [ {
        "lat" : 3.3721231273,
        "lon" : -76.5389655904,
        "time" : "20141113T224022-0500"
      }, {
        "lat" : 3.3722802162,
        "lon" : -76.5390782733,
        "time" : "20141113T224047-0500"
      }, {
        "lat" : 3.3724929791,
        "lon" : -76.5392618977,
        "time" : "20141113T224108-0500"
      }, {
        "lat" : 3.3727246057,
        "lon" : -76.5394710863,
        "time" : "20141113T224127-0500"
      }, {
        "lat" : 3.372295676,
        "lon" : -76.5388819296,
        "time" : "20141113T224217-0500"
      }, {
        "lat" : 3.3721984582,
        "lon" : -76.5389019508,
        "time" : "20141113T224237-0500"
      }, {
        "lat" : 3.3721596567,
        "lon" : -76.5389293441,
        "time" : "20141113T224257-0500"
      }, {
        "lat" : 3.3714161958,
        "lon" : -76.5401459627,
        "time" : "20141113T224327-0500"
      }, {
        "lat" : 3.3712354167,
        "lon" : -76.5404436722,
        "time" : "20141113T224348-0500"
      }, {
        "lat" : 3.3633640909,
        "lon" : -76.5566044104,
        "time" : "20141113T224649-0500"
      }, {
        "lat" : 3.3638308859,
        "lon" : -76.5581251937,
        "time" : "20141113T224719-0500"
      } ]
    } ],
    "lastUpdate" : "20141114T064533Z"
  }, {
    "type" : "place",
    "startTime" : "20141113T225731-0500",
    "endTime" : "20141114T083358-0500",
    "place" : {
      "id" : 278254819,
      "type" : "unknown",
      "location" : {
        "lat" : 3.3646059183,
        "lon" : -76.559999961
      }
    },
    "lastUpdate" : "20141115T232932Z"
  } ],
  "lastUpdate" : "20141115T232932Z"
}, {
  "date" : "20141114",
  "summary" : [ {
    "activity" : "cycling",
    "group" : "cycling",
    "duration" : 127.0,
    "distance" : 9.0
  }, {
    "activity" : "walking",
    "group" : "walking",
    "duration" : 8066.0,
    "distance" : 5417.0,
    "steps" : 10761
  }, {
    "activity" : "transport",
    "group" : "transport",
    "duration" : 24004.0,
    "distance" : 4159.0
  } ],
  "segments" : [ {
    "type" : "place",
    "startTime" : "20141113T225731-0500",
    "endTime" : "20141114T083358-0500",
    "place" : {
      "id" : 278254819,
      "type" : "unknown",
      "location" : {
        "lat" : 3.3646059183,
        "lon" : -76.559999961
      }
    },
    "lastUpdate" : "20141115T232932Z"
  }, {
    "type" : "move",
    "startTime" : "20141114T083358-0500",
    "endTime" : "20141115T164637-0500",
    "activities" : [ {
      "activity" : "walking",
      "group" : "walking",
      "manual" : false,
      "startTime" : "20141114T083358-0500",
      "endTime" : "20141114T083651-0500",
      "duration" : 173.0,
      "distance" : 87.0,
      "steps" : 132,
      "trackPoints" : [ {
        "lat" : 3.3646059183,
        "lon" : -76.559999961,
        "time" : "20141114T083358-0500"
      }, {
        "lat" : 3.3648667471,
        "lon" : -76.5598693625,
        "time" : "20141114T083651-0500"
      } ]
    }, {
      "activity" : "walking",
      "group" : "walking",
      "manual" : false,
      "startTime" : "20141114T084428-0500",
      "endTime" : "20141114T084649-0500",
      "duration" : 141.0,
      "distance" : 129.0,
      "steps" : 258,
      "trackPoints" : [ {
        "lat" : 3.364946332,
        "lon" : -76.5598475125,
        "time" : "20141114T084428-0500"
      }, {
        "lat" : 3.3649709624,
        "lon" : -76.5598407502,
        "time" : "20141114T084649-0500"
      } ]
    }, {
      "activity" : "walking",
      "group" : "walking",
      "manual" : false,
      "startTime" : "20141114T090827-0500",
      "endTime" : "20141114T091146-0500",
      "duration" : 199.0,
      "distance" : 177.0,
      "steps" : 355,
      "trackPoints" : [ {
        "lat" : 3.3651970146,
        "lon" : -76.5597786877,
        "time" : "20141114T090827-0500"
      }, {
        "lat" : 3.3652316208,
        "lon" : -76.5597691866,
        "time" : "20141114T091145-0500"
      } ]
    }, {
      "activity" : "walking",
      "group" : "walking",
      "manual" : false,
      "startTime" : "20141114T091624-0500",
      "endTime" : "20141114T091855-0500",
      "duration" : 151.0,
      "distance" : 138.0,
      "steps" : 276,
      "trackPoints" : [ {
        "lat" : 3.365280156,
        "lon" : -76.5597558613,
        "time" : "20141114T091624-0500"
      }, {
        "lat" : 3.3653064321,
        "lon" : -76.5597486472,
        "time" : "20141114T091855-0500"
      } ]
    }, {
      "activity" : "walking",
      "group" : "walking",
      "manual" : false,
      "startTime" : "20141114T095214-0500",
      "endTime" : "20141114T095546-0500",
      "duration" : 212.0,
      "distance" : 158.0,
      "steps" : 317,
      "trackPoints" : [ {
        "lat" : 3.3656547223,
        "lon" : -76.5596530243,
        "time" : "20141114T095214-0500"
      }, {
        "lat" : 3.3656915811,
        "lon" : -76.5596429048,
        "time" : "20141114T095546-0500"
      } ]
    }, {
      "activity" : "walking",
      "group" : "walking",
      "manual" : false,
      "startTime" : "20141114T100459-0500",
      "endTime" : "20141114T100749-0500",
      "duration" : 170.0,
      "distance" : 161.0,
      "steps" : 323,
      "trackPoints" : [ {
        "lat" : 3.3657880318,
        "lon" : -76.5596164243,
        "time" : "20141114T100459-0500"
      }, {
        "lat" : 3.3658176754,
        "lon" : -76.5596082857,
        "time" : "20141114T100750-0500"
      } ]
    }, {
      "activity" : "walking",
      "group" : "walking",
      "manual" : false,
      "startTime" : "20141114T101135-0500",
      "endTime" : "20141114T101356-0500",
      "duration" : 141.0,
      "distance" : 101.0,
      "steps" : 203,
      "trackPoints" : [ {
        "lat" : 3.365856932,
        "lon" : -76.5595975078,
        "time" : "20141114T101135-0500"
      }, {
        "lat" : 3.3658815474,
        "lon" : -76.5595907497,
        "time" : "20141114T101356-0500"
      } ]
    }, {
      "activity" : "walking",
      "group" : "walking",
      "manual" : false,
      "startTime" : "20141114T102608-0500",
      "endTime" : "20141114T103928-0500",
      "duration" : 800.0,
      "distance" : 529.0,
      "steps" : 1059,
      "trackPoints" : [ {
        "lat" : 3.3660090089,
        "lon" : -76.5595557552,
        "time" : "20141114T102608-0500"
      }, {
        "lat" : 3.3661483023,
        "lon" : -76.5595175123,
        "time" : "20141114T103928-0500"
      } ]
    }, {
      "activity" : "transport",
      "group" : "transport",
      "manual" : false,
      "startTime" : "20141114T103928-0500",
      "endTime" : "20141114T124236-0500",
      "duration" : 7388.0,
      "distance" : 1280.0,
      "trackPoints" : [ {
        "lat" : 3.3661483023,
        "lon" : -76.5595175123,
        "time" : "20141114T103928-0500"
      }, {
        "lat" : 3.3677578469,
        "lon" : -76.5590756128,
        "time" : "20141114T105959-0500"
      }, {
        "lat" : 3.36775786,
        "lon" : -76.5590756092,
        "time" : "20141114T110000-0500"
      }, {
        "lat" : 3.3724612675,
        "lon" : -76.5577842915,
        "time" : "20141114T115959-0500"
      }, {
        "lat" : 3.3724612806,
        "lon" : -76.5577842879,
        "time" : "20141114T120000-0500"
      }, {
        "lat" : 3.3758006518,
        "lon" : -76.5568674655,
        "time" : "20141114T124235-0500"
      } ]
    }, {
      "activity" : "walking",
      "group" : "walking",
      "manual" : false,
      "startTime" : "20141114T124235-0500",
      "endTime" : "20141114T125143-0500",
      "duration" : 548.0,
      "distance" : 319.0,
      "steps" : 638,
      "trackPoints" : [ {
        "lat" : 3.3758006518,
        "lon" : -76.5568674655,
        "time" : "20141114T124235-0500"
      }, {
        "lat" : 3.3758961221,
        "lon" : -76.5568412542,
        "time" : "20141114T125144-0500"
      } ]
    }, {
      "activity" : "walking",
      "group" : "walking",
      "manual" : false,
      "startTime" : "20141114T141353-0500",
      "endTime" : "20141114T141824-0500",
      "duration" : 271.0,
      "distance" : 158.0,
      "steps" : 315,
      "trackPoints" : [ {
        "lat" : 3.3767549047,
        "lon" : -76.5566054759,
        "time" : "20141114T141353-0500"
      }, {
        "lat" : 3.376802045,
        "lon" : -76.5565925336,
        "time" : "20141114T141824-0500"
      } ]
    }, {
      "activity" : "cycling",
      "group" : "cycling",
      "manual" : false,
      "startTime" : "20141114T143211-0500",
      "endTime" : "20141114T143418-0500",
      "duration" : 127.0,
      "distance" : 9.0,
      "trackPoints" : [ {
        "lat" : 3.376946115,
        "lon" : -76.5565529793,
        "time" : "20141114T143211-0500"
      }, {
        "lat" : 3.3770122533,
        "lon" : -76.556534821,
        "time" : "20141114T143418-0500"
      } ]
    }, {
      "activity" : "walking",
      "group" : "walking",
      "manual" : false,
      "startTime" : "20141114T152254-0500",
      "endTime" : "20141114T160904-0500",
      "duration" : 2770.0,
      "distance" : 1707.0,
      "steps" : 3415,
      "trackPoints" : [ {
        "lat" : 3.3775203847,
        "lon" : -76.5563953139,
        "time" : "20141114T152254-0500"
      }, {
        "lat" : 3.3779079837,
        "lon" : -76.5562888988,
        "time" : "20141114T155959-0500"
      }, {
        "lat" : 3.3779079854,
        "lon" : -76.5562888983,
        "time" : "20141114T160000-0500"
      }, {
        "lat" : 3.3780027105,
        "lon" : -76.5562628916,
        "time" : "20141114T160903-0500"
      } ]
    }, {
      "activity" : "walking",
      "group" : "walking",
      "manual" : false,
      "startTime" : "20141114T162854-0500",
      "endTime" : "20141114T163117-0500",
      "duration" : 143.0,
      "distance" : 71.0,
      "steps" : 116,
      "trackPoints" : [ {
        "lat" : 3.3782100982,
        "lon" : -76.5562059534,
        "time" : "20141114T162854-0500"
      }, {
        "lat" : 3.3782349853,
        "lon" : -76.5561991207,
        "time" : "20141114T163117-0500"
      } ]
    }, {
      "activity" : "transport",
      "group" : "transport",
      "manual" : false,
      "startTime" : "20141114T163117-0500",
      "endTime" : "20141114T183742-0500",
      "duration" : 7585.0,
      "distance" : 1314.0,
      "trackPoints" : [ {
        "lat" : 3.3782349853,
        "lon" : -76.5561991207,
        "time" : "20141114T163117-0500"
      }, {
        "lat" : 3.380485894,
        "lon" : -76.5555811351,
        "time" : "20141114T165959-0500"
      }, {
        "lat" : 3.3804859071,
        "lon" : -76.5555811315,
        "time" : "20141114T170000-0500"
      }, {
        "lat" : 3.3851893146,
        "lon" : -76.5542898138,
        "time" : "20141114T175959-0500"
      }, {
        "lat" : 3.3851893277,
        "lon" : -76.5542898102,
        "time" : "20141114T180000-0500"
      }, {
        "lat" : 3.3881449256,
        "lon" : -76.5534783525,
        "time" : "20141114T183742-0500"
      } ]
    }, {
      "activity" : "walking",
      "group" : "walking",
      "manual" : false,
      "startTime" : "20141114T183742-0500",
      "endTime" : "20141114T185142-0500",
      "duration" : 840.0,
      "distance" : 634.0,
      "steps" : 1268,
      "trackPoints" : [ {
        "lat" : 3.3881449256,
        "lon" : -76.5534783525,
        "time" : "20141114T183742-0500"
      }, {
        "lat" : 3.3882912877,
        "lon" : -76.5534381689,
        "time" : "20141114T185142-0500"
      } ]
    }, {
      "activity" : "walking",
      "group" : "walking",
      "manual" : false,
      "startTime" : "20141114T190924-0500",
      "endTime" : "20141114T191200-0500",
      "duration" : 156.0,
      "distance" : 78.0,
      "steps" : 148,
      "trackPoints" : [ {
        "lat" : 3.3884763102,
        "lon" : -76.5533873711,
        "time" : "20141114T190924-0500"
      }, {
        "lat" : 3.3885035355,
        "lon" : -76.5533798964,
        "time" : "20141114T191200-0500"
      } ]
    }, {
      "activity" : "walking",
      "group" : "walking",
      "manual" : false,
      "startTime" : "20141114T193736-0500",
      "endTime" : "20141114T194013-0500",
      "duration" : 157.0,
      "distance" : 132.0,
      "steps" : 265,
      "trackPoints" : [ {
        "lat" : 3.3887710594,
        "lon" : -76.5533064479,
        "time" : "20141114T193736-0500"
      }, {
        "lat" : 3.3887983334,
        "lon" : -76.5532989598,
        "time" : "20141114T194013-0500"
      } ]
    }, {
      "activity" : "transport",
      "group" : "transport",
      "manual" : false,
      "startTime" : "20141114T194013-0500",
      "endTime" : "20141114T210600-0500",
      "duration" : 5147.0,
      "distance" : 892.0,
      "trackPoints" : [ {
        "lat" : 3.3887983334,
        "lon" : -76.5532989598,
        "time" : "20141114T194013-0500"
      }, {
        "lat" : 3.3903490049,
        "lon" : -76.5528732239,
        "time" : "20141114T195959-0500"
      }, {
        "lat" : 3.3903490179,
        "lon" : -76.5528732203,
        "time" : "20141114T200000-0500"
      }, {
        "lat" : 3.3950524254,
        "lon" : -76.5515819026,
        "time" : "20141114T205959-0500"
      }, {
        "lat" : 3.3950524385,
        "lon" : -76.551581899,
        "time" : "20141114T210000-0500"
      }, {
        "lat" : 3.3955231021,
        "lon" : -76.5514526786,
        "time" : "20141114T210600-0500"
      } ]
    }, {
      "activity" : "walking",
      "group" : "walking",
      "manual" : false,
      "startTime" : "20141114T210600-0500",
      "endTime" : "20141114T211214-0500",
      "duration" : 374.0,
      "distance" : 232.0,
      "steps" : 463,
      "trackPoints" : [ {
        "lat" : 3.3955231021,
        "lon" : -76.5514526786,
        "time" : "20141114T210600-0500"
      }, {
        "lat" : 3.3955881697,
        "lon" : -76.5514348143,
        "time" : "20141114T211213-0500"
      } ]
    }, {
      "activity" : "walking",
      "group" : "walking",
      "manual" : false,
      "startTime" : "20141114T213043-0500",
      "endTime" : "20141114T213245-0500",
      "duration" : 122.0,
      "distance" : 93.0,
      "steps" : 185,
      "trackPoints" : [ {
        "lat" : 3.3957814199,
        "lon" : -76.5513817576,
        "time" : "20141114T213043-0500"
      }, {
        "lat" : 3.3958026727,
        "lon" : -76.5513759227,
        "time" : "20141114T213245-0500"
      } ]
    }, {
      "activity" : "walking",
      "group" : "walking",
      "manual" : false,
      "startTime" : "20141114T221757-0500",
      "endTime" : "20141114T222044-0500",
      "duration" : 167.0,
      "distance" : 96.0,
      "steps" : 191,
      "trackPoints" : [ {
        "lat" : 3.3962751401,
        "lon" : -76.551246207,
        "time" : "20141114T221757-0500"
      }, {
        "lat" : 3.3963042125,
        "lon" : -76.5512382252,
        "time" : "20141114T222044-0500"
      } ]
    }, {
      "activity" : "walking",
      "group" : "walking",
      "manual" : false,
      "startTime" : "20141114T224625-0500",
      "endTime" : "20141114T225516-0500",
      "duration" : 531.0,
      "distance" : 417.0,
      "steps" : 834,
      "trackPoints" : [ {
        "lat" : 3.3965726954,
        "lon" : -76.5511645134,
        "time" : "20141114T224625-0500"
      }, {
        "lat" : 3.3966652115,
        "lon" : -76.5511391132,
        "time" : "20141114T225516-0500"
      } ]
    }, {
      "activity" : "transport",
      "group" : "transport",
      "manual" : false,
      "startTime" : "20141114T225516-0500",
      "endTime" : "20141115T000000-0500",
      "duration" : 3884.0,
      "distance" : 673.0,
      "trackPoints" : [ {
        "lat" : 3.3966652115,
        "lon" : -76.5511391132,
        "time" : "20141114T225516-0500"
      }, {
        "lat" : 3.3970355558,
        "lon" : -76.5510374354,
        "time" : "20141114T225959-0500"
      }, {
        "lat" : 3.3970355688,
        "lon" : -76.5510374318,
        "time" : "20141114T230000-0500"
      }, {
        "lat" : 3.4017389764,
        "lon" : -76.5497461141,
        "time" : "20141114T235959-0500"
      } ]
    } ],
    "lastUpdate" : "20141115T232932Z"
  } ],
  "lastUpdate" : "20141115T232932Z"
}, {
  "date" : "20141115",
  "summary" : [ {
    "activity" : "walking",
    "group" : "walking",
    "duration" : 5927.0,
    "distance" : 4909.0,
    "steps" : 8050
  }, {
    "activity" : "transport",
    "group" : "transport",
    "duration" : 41322.0,
    "distance" : 8851.0
  } ],
  "segments" : [ {
    "type" : "move",
    "startTime" : "20141114T083358-0500",
    "endTime" : "20141115T164637-0500",
    "activities" : [ {
      "activity" : "transport",
      "group" : "transport",
      "manual" : false,
      "startTime" : "20141115T000000-0500",
      "endTime" : "20141115T092415-0500",
      "duration" : 33855.0,
      "distance" : 5868.0,
      "trackPoints" : [ {
        "lat" : 3.4017389894,
        "lon" : -76.5497461105,
        "time" : "20141115T000000-0500"
      }, {
        "lat" : 3.406442397,
        "lon" : -76.5484547928,
        "time" : "20141115T005959-0500"
      }, {
        "lat" : 3.40644241,
        "lon" : -76.5484547892,
        "time" : "20141115T010000-0500"
      }, {
        "lat" : 3.4111458175,
        "lon" : -76.5471634715,
        "time" : "20141115T015959-0500"
      }, {
        "lat" : 3.4111458306,
        "lon" : -76.5471634679,
        "time" : "20141115T020000-0500"
      }, {
        "lat" : 3.4158492381,
        "lon" : -76.5458721502,
        "time" : "20141115T025959-0500"
      }, {
        "lat" : 3.4158492512,
        "lon" : -76.5458721466,
        "time" : "20141115T030000-0500"
      }, {
        "lat" : 3.4205526587,
        "lon" : -76.5445808289,
        "time" : "20141115T035959-0500"
      }, {
        "lat" : 3.4205526718,
        "lon" : -76.5445808253,
        "time" : "20141115T040000-0500"
      }, {
        "lat" : 3.4252560793,
        "lon" : -76.5432895075,
        "time" : "20141115T045959-0500"
      }, {
        "lat" : 3.4252560924,
        "lon" : -76.543289504,
        "time" : "20141115T050000-0500"
      }, {
        "lat" : 3.4299594999,
        "lon" : -76.5419981862,
        "time" : "20141115T055959-0500"
      }, {
        "lat" : 3.429959513,
        "lon" : -76.5419981827,
        "time" : "20141115T060000-0500"
      }, {
        "lat" : 3.4346629205,
        "lon" : -76.5407068649,
        "time" : "20141115T065959-0500"
      }, {
        "lat" : 3.4346629336,
        "lon" : -76.5407068614,
        "time" : "20141115T070000-0500"
      }, {
        "lat" : 3.4393663411,
        "lon" : -76.5394155436,
        "time" : "20141115T075959-0500"
      }, {
        "lat" : 3.4393663542,
        "lon" : -76.5394155401,
        "time" : "20141115T080000-0500"
      }, {
        "lat" : 3.4440697617,
        "lon" : -76.5381242223,
        "time" : "20141115T085959-0500"
      }, {
        "lat" : 3.4440697748,
        "lon" : -76.5381242188,
        "time" : "20141115T090000-0500"
      }, {
        "lat" : 3.4459713466,
        "lon" : -76.5376021433,
        "time" : "20141115T092415-0500"
      } ]
    }, {
      "activity" : "walking",
      "group" : "walking",
      "manual" : false,
      "startTime" : "20141115T092415-0500",
      "endTime" : "20141115T092736-0500",
      "duration" : 201.0,
      "distance" : 113.0,
      "steps" : 226,
      "trackPoints" : [ {
        "lat" : 3.4459713466,
        "lon" : -76.5376021433,
        "time" : "20141115T092415-0500"
      }, {
        "lat" : 3.446006393,
        "lon" : -76.5375925214,
        "time" : "20141115T092736-0500"
      } ]
    }, {
      "activity" : "walking",
      "group" : "walking",
      "manual" : false,
      "startTime" : "20141115T093209-0500",
      "endTime" : "20141115T093449-0500",
      "duration" : 160.0,
      "distance" : 147.0,
      "steps" : 293,
      "trackPoints" : [ {
        "lat" : 3.4460539256,
        "lon" : -76.5375794713,
        "time" : "20141115T093209-0500"
      }, {
        "lat" : 3.4460818735,
        "lon" : -76.5375717983,
        "time" : "20141115T093449-0500"
      } ]
    }, {
      "activity" : "walking",
      "group" : "walking",
      "manual" : false,
      "startTime" : "20141115T093759-0500",
      "endTime" : "20141115T093953-0500",
      "duration" : 114.0,
      "distance" : 101.0,
      "steps" : 202,
      "trackPoints" : [ {
        "lat" : 3.4461148352,
        "lon" : -76.5375627487,
        "time" : "20141115T093759-0500"
      }, {
        "lat" : 3.446134633,
        "lon" : -76.5375573132,
        "time" : "20141115T093952-0500"
      } ]
    }, {
      "activity" : "walking",
      "group" : "walking",
      "manual" : false,
      "startTime" : "20141115T094425-0500",
      "endTime" : "20141115T094726-0500",
      "duration" : 181.0,
      "distance" : 158.0,
      "steps" : 316,
      "trackPoints" : [ {
        "lat" : 3.4461821479,
        "lon" : -76.537544268,
        "time" : "20141115T094425-0500"
      }, {
        "lat" : 3.446213672,
        "lon" : -76.5375356131,
        "time" : "20141115T094726-0500"
      } ]
    }, {
      "activity" : "walking",
      "group" : "walking",
      "manual" : false,
      "startTime" : "20141115T103342-0500",
      "endTime" : "20141115T103544-0500",
      "duration" : 122.0,
      "distance" : 72.0,
      "steps" : 145,
      "trackPoints" : [ {
        "lat" : 3.4466972501,
        "lon" : -76.537402847,
        "time" : "20141115T103342-0500"
      }, {
        "lat" : 3.4467185881,
        "lon" : -76.5373969886,
        "time" : "20141115T103545-0500"
      } ]
    }, {
      "activity" : "transport",
      "group" : "transport",
      "manual" : false,
      "startTime" : "20141115T124505-0500",
      "endTime" : "20141115T134723-0500",
      "duration" : 3738.0,
      "distance" : 647.0,
      "trackPoints" : [ {
        "lat" : 3.4480704383,
        "lon" : -76.537025839,
        "time" : "20141115T124505-0500"
      }, {
        "lat" : 3.4492393485,
        "lon" : -76.5367049154,
        "time" : "20141115T125959-0500"
      }, {
        "lat" : 3.4492393615,
        "lon" : -76.5367049118,
        "time" : "20141115T130000-0500"
      }, {
        "lat" : 3.4529531997,
        "lon" : -76.5356852798,
        "time" : "20141115T134722-0500"
      } ]
    }, {
      "activity" : "walking",
      "group" : "walking",
      "manual" : false,
      "startTime" : "20141115T134722-0500",
      "endTime" : "20141115T135451-0500",
      "duration" : 449.0,
      "distance" : 266.0,
      "steps" : 531,
      "trackPoints" : [ {
        "lat" : 3.4529531997,
        "lon" : -76.5356852798,
        "time" : "20141115T134722-0500"
      }, {
        "lat" : 3.4530314072,
        "lon" : -76.5356638079,
        "time" : "20141115T135451-0500"
      } ]
    }, {
      "activity" : "transport",
      "group" : "transport",
      "manual" : false,
      "startTime" : "20141115T135451-0500",
      "endTime" : "20141115T144930-0500",
      "duration" : 3279.0,
      "distance" : 568.0,
      "trackPoints" : [ {
        "lat" : 3.4530314072,
        "lon" : -76.5356638079,
        "time" : "20141115T135451-0500"
      }, {
        "lat" : 3.4534344205,
        "lon" : -76.5355531609,
        "time" : "20141115T135959-0500"
      }, {
        "lat" : 3.4534344336,
        "lon" : -76.5355531573,
        "time" : "20141115T140000-0500"
      }, {
        "lat" : 3.4573150733,
        "lon" : -76.53448773,
        "time" : "20141115T144930-0500"
      } ]
    }, {
      "activity" : "walking",
      "group" : "walking",
      "manual" : false,
      "startTime" : "20141115T144930-0500",
      "endTime" : "20141115T145301-0500",
      "duration" : 211.0,
      "distance" : 105.0,
      "steps" : 183,
      "trackPoints" : [ {
        "lat" : 3.4573150733,
        "lon" : -76.53448773,
        "time" : "20141115T144930-0500"
      }, {
        "lat" : 3.4573517684,
        "lon" : -76.5344776554,
        "time" : "20141115T145300-0500"
      } ]
    }, {
      "activity" : "walking",
      "group" : "walking",
      "manual" : false,
      "startTime" : "20141115T153647-0500",
      "endTime" : "20141115T160450-0500",
      "duration" : 1683.0,
      "distance" : 1283.0,
      "steps" : 2566,
      "trackPoints" : [ {
        "lat" : 3.4578093763,
        "lon" : -76.5343520194,
        "time" : "20141115T153647-0500"
      }, {
        "lat" : 3.4580518984,
        "lon" : -76.5342854351,
        "time" : "20141115T155959-0500"
      }, {
        "lat" : 3.4580519002,
        "lon" : -76.5342854346,
        "time" : "20141115T160000-0500"
      }, {
        "lat" : 3.4581024755,
        "lon" : -76.5342715492,
        "time" : "20141115T160450-0500"
      } ]
    } ],
    "lastUpdate" : "20141115T232932Z"
  }, {
    "type" : "place",
    "startTime" : "20141115T164638-0500",
    "endTime" : "20141115T171818-0500",
    "place" : {
      "id" : 278875633,
      "type" : "unknown",
      "location" : {
        "lat" : 3.4588660614,
        "lon" : -76.5340806247
      }
    },
    "activities" : [ {
      "activity" : "walking",
      "group" : "walking",
      "manual" : false,
      "startTime" : "20141115T170736-0500",
      "endTime" : "20141115T171101-0500",
      "duration" : 205.0,
      "distance" : 212.0,
      "steps" : 283,
      "trackPoints" : [ ]
    } ],
    "lastUpdate" : "20141115T232932Z"
  }, {
    "type" : "move",
    "startTime" : "20141115T171818-0500",
    "endTime" : "20141115T173210-0500",
    "activities" : [ {
      "activity" : "walking",
      "group" : "walking",
      "manual" : false,
      "startTime" : "20141115T171818-0500",
      "endTime" : "20141115T173211-0500",
      "duration" : 833.0,
      "distance" : 779.0,
      "steps" : 1032,
      "trackPoints" : [ {
        "lat" : 3.4588660614,
        "lon" : -76.5340806247,
        "time" : "20141115T171818-0500"
      }, {
        "lat" : 3.4578932327,
        "lon" : -76.5342341239,
        "time" : "20141115T171838-0500"
      }, {
        "lat" : 3.4578958235,
        "lon" : -76.5342550647,
        "time" : "20141115T171858-0500"
      }, {
        "lat" : 3.4578901405,
        "lon" : -76.5342473717,
        "time" : "20141115T171918-0500"
      }, {
        "lat" : 3.4578854894,
        "lon" : -76.5342329636,
        "time" : "20141115T171936-0500"
      }, {
        "lat" : 3.4578809043,
        "lon" : -76.5342106107,
        "time" : "20141115T171957-0500"
      }, {
        "lat" : 3.4578808197,
        "lon" : -76.5342106818,
        "time" : "20141115T172017-0500"
      }, {
        "lat" : 3.4577927794,
        "lon" : -76.5337290224,
        "time" : "20141115T172047-0500"
      }, {
        "lat" : 3.4576721063,
        "lon" : -76.5334770184,
        "time" : "20141115T172107-0500"
      }, {
        "lat" : 3.457554075,
        "lon" : -76.5334323513,
        "time" : "20141115T172127-0500"
      }, {
        "lat" : 3.4574705628,
        "lon" : -76.5334495861,
        "time" : "20141115T172146-0500"
      }, {
        "lat" : 3.4574103638,
        "lon" : -76.5334775822,
        "time" : "20141115T172206-0500"
      }, {
        "lat" : 3.4573432512,
        "lon" : -76.5335036373,
        "time" : "20141115T172227-0500"
      }, {
        "lat" : 3.4572719814,
        "lon" : -76.5335248297,
        "time" : "20141115T172245-0500"
      }, {
        "lat" : 3.4571924837,
        "lon" : -76.5335494938,
        "time" : "20141115T172305-0500"
      }, {
        "lat" : 3.4570022491,
        "lon" : -76.5336192962,
        "time" : "20141115T172327-0500"
      }, {
        "lat" : 3.4562087233,
        "lon" : -76.5339168857,
        "time" : "20141115T172356-0500"
      }, {
        "lat" : 3.4559363588,
        "lon" : -76.5340274536,
        "time" : "20141115T172417-0500"
      }, {
        "lat" : 3.4556761413,
        "lon" : -76.5341549727,
        "time" : "20141115T172436-0500"
      }, {
        "lat" : 3.4556761413,
        "lon" : -76.5341549727,
        "time" : "20141115T172456-0500"
      }, {
        "lat" : 3.4556761413,
        "lon" : -76.5341549727,
        "time" : "20141115T172517-0500"
      }, {
        "lat" : 3.4556392174,
        "lon" : -76.534164557,
        "time" : "20141115T172616-0500"
      }, {
        "lat" : 3.4554648275,
        "lon" : -76.5343210637,
        "time" : "20141115T172651-0500"
      }, {
        "lat" : 3.4549240631,
        "lon" : -76.5346799712,
        "time" : "20141115T172721-0500"
      }, {
        "lat" : 3.4547785044,
        "lon" : -76.5347521357,
        "time" : "20141115T172741-0500"
      }, {
        "lat" : 3.4547243957,
        "lon" : -76.5347522413,
        "time" : "20141115T172801-0500"
      }, {
        "lat" : 3.4546842439,
        "lon" : -76.5347130085,
        "time" : "20141115T172821-0500"
      }, {
        "lat" : 3.4545443083,
        "lon" : -76.5345078416,
        "time" : "20141115T172851-0500"
      }, {
        "lat" : 3.454400101,
        "lon" : -76.5342777499,
        "time" : "20141115T172921-0500"
      }, {
        "lat" : 3.4543070548,
        "lon" : -76.5340780122,
        "time" : "20141115T172941-0500"
      }, {
        "lat" : 3.4542381645,
        "lon" : -76.5339208822,
        "time" : "20141115T173001-0500"
      }, {
        "lat" : 3.4541888953,
        "lon" : -76.5338162392,
        "time" : "20141115T173021-0500"
      }, {
        "lat" : 3.4541429939,
        "lon" : -76.5337389455,
        "time" : "20141115T173041-0500"
      }, {
        "lat" : 3.4539664098,
        "lon" : -76.5336153027,
        "time" : "20141115T173110-0500"
      }, {
        "lat" : 3.4537987509,
        "lon" : -76.533529551,
        "time" : "20141115T173131-0500"
      }, {
        "lat" : 3.4536987759,
        "lon" : -76.5334593526,
        "time" : "20141115T173151-0500"
      }, {
        "lat" : 3.453822455,
        "lon" : -76.5333439073,
        "time" : "20141115T173210-0500"
      } ]
    } ],
    "lastUpdate" : "20141115T232932Z"
  }, {
    "type" : "place",
    "startTime" : "20141115T173210-0500",
    "endTime" : "20141115T173431-0500",
    "place" : {
      "id" : 278899853,
      "type" : "unknown",
      "location" : {
        "lat" : 3.453822455,
        "lon" : -76.5333439073
      }
    },
    "lastUpdate" : "20141115T232932Z"
  }, {
    "type" : "move",
    "startTime" : "20141115T173431-0500",
    "endTime" : "20141115T174203-0500",
    "activities" : [ {
      "activity" : "walking",
      "group" : "walking",
      "manual" : false,
      "startTime" : "20141115T173431-0500",
      "endTime" : "20141115T174203-0500",
      "duration" : 452.0,
      "distance" : 442.0,
      "steps" : 495,
      "trackPoints" : [ {
        "lat" : 3.453822455,
        "lon" : -76.5333439073,
        "time" : "20141115T173431-0500"
      }, {
        "lat" : 3.4538333398,
        "lon" : -76.5333182388,
        "time" : "20141115T173502-0500"
      }, {
        "lat" : 3.4538507662,
        "lon" : -76.5333308298,
        "time" : "20141115T173521-0500"
      }, {
        "lat" : 3.453874084,
        "lon" : -76.5333476684,
        "time" : "20141115T173541-0500"
      }, {
        "lat" : 3.4538640946,
        "lon" : -76.5333553041,
        "time" : "20141115T173602-0500"
      }, {
        "lat" : 3.4540769962,
        "lon" : -76.5334212113,
        "time" : "20141115T173622-0500"
      }, {
        "lat" : 3.4542163101,
        "lon" : -76.5335533598,
        "time" : "20141115T173642-0500"
      }, {
        "lat" : 3.4543527905,
        "lon" : -76.5338625932,
        "time" : "20141115T173712-0500"
      }, {
        "lat" : 3.4545479248,
        "lon" : -76.5340790936,
        "time" : "20141115T173732-0500"
      }, {
        "lat" : 3.4546835599,
        "lon" : -76.5342334044,
        "time" : "20141115T173752-0500"
      }, {
        "lat" : 3.4547517188,
        "lon" : -76.5343225191,
        "time" : "20141115T173812-0500"
      }, {
        "lat" : 3.4547693929,
        "lon" : -76.5343840046,
        "time" : "20141115T173832-0500"
      }, {
        "lat" : 3.4547602957,
        "lon" : -76.534426865,
        "time" : "20141115T173852-0500"
      }, {
        "lat" : 3.4547613257,
        "lon" : -76.5344397293,
        "time" : "20141115T173911-0500"
      }, {
        "lat" : 3.4547756492,
        "lon" : -76.5344234573,
        "time" : "20141115T173931-0500"
      }, {
        "lat" : 3.454910203,
        "lon" : -76.5341757255,
        "time" : "20141115T174002-0500"
      }, {
        "lat" : 3.4549851732,
        "lon" : -76.5340309013,
        "time" : "20141115T174022-0500"
      }, {
        "lat" : 3.4550476552,
        "lon" : -76.5339289421,
        "time" : "20141115T174042-0500"
      }, {
        "lat" : 3.4551498149,
        "lon" : -76.5338127527,
        "time" : "20141115T174102-0500"
      }, {
        "lat" : 3.456077748,
        "lon" : -76.5329031836,
        "time" : "20141115T174203-0500"
      } ]
    } ],
    "lastUpdate" : "20141115T232932Z"
  }, {
    "type" : "place",
    "startTime" : "20141115T174203-0500",
    "endTime" : "20141115T174536-0500",
    "place" : {
      "id" : 278899854,
      "type" : "unknown",
      "location" : {
        "lat" : 3.456077748,
        "lon" : -76.5329031836
      }
    },
    "activities" : [ {
      "activity" : "walking",
      "group" : "walking",
      "manual" : false,
      "startTime" : "20141115T174203-0500",
      "endTime" : "20141115T174314-0500",
      "duration" : 71.0,
      "distance" : 52.0,
      "steps" : 105,
      "trackPoints" : [ ]
    } ],
    "lastUpdate" : "20141115T232932Z"
  }, {
    "type" : "move",
    "startTime" : "20141115T174536-0500",
    "endTime" : "20141115T175331-0500",
    "activities" : [ {
      "activity" : "walking",
      "group" : "walking",
      "manual" : false,
      "startTime" : "20141115T174536-0500",
      "endTime" : "20141115T175332-0500",
      "duration" : 476.0,
      "distance" : 569.0,
      "steps" : 753,
      "trackPoints" : [ {
        "lat" : 3.456077748,
        "lon" : -76.5329031836,
        "time" : "20141115T174536-0500"
      }, {
        "lat" : 3.4570151068,
        "lon" : -76.5324218373,
        "time" : "20141115T174731-0500"
      }, {
        "lat" : 3.4571510111,
        "lon" : -76.5323324726,
        "time" : "20141115T174752-0500"
      }, {
        "lat" : 3.4572804327,
        "lon" : -76.5322415245,
        "time" : "20141115T174810-0500"
      }, {
        "lat" : 3.4573958098,
        "lon" : -76.5321747147,
        "time" : "20141115T174830-0500"
      }, {
        "lat" : 3.4576699455,
        "lon" : -76.5321338425,
        "time" : "20141115T174900-0500"
      }, {
        "lat" : 3.4578889336,
        "lon" : -76.5321502305,
        "time" : "20141115T174921-0500"
      }, {
        "lat" : 3.4580611004,
        "lon" : -76.5322369087,
        "time" : "20141115T174941-0500"
      }, {
        "lat" : 3.4582462554,
        "lon" : -76.5323804833,
        "time" : "20141115T175002-0500"
      }, {
        "lat" : 3.4584103865,
        "lon" : -76.5325162807,
        "time" : "20141115T175022-0500"
      }, {
        "lat" : 3.4584987415,
        "lon" : -76.5326010403,
        "time" : "20141115T175042-0500"
      }, {
        "lat" : 3.4585483065,
        "lon" : -76.5326473067,
        "time" : "20141115T175103-0500"
      }, {
        "lat" : 3.4585781229,
        "lon" : -76.532671108,
        "time" : "20141115T175123-0500"
      }, {
        "lat" : 3.458568984,
        "lon" : -76.5327718487,
        "time" : "20141115T175153-0500"
      }, {
        "lat" : 3.4584431082,
        "lon" : -76.5333101991,
        "time" : "20141115T175212-0500"
      }, {
        "lat" : 3.4583369649,
        "lon" : -76.5337503171,
        "time" : "20141115T175231-0500"
      }, {
        "lat" : 3.4583249264,
        "lon" : -76.5338919019,
        "time" : "20141115T175251-0500"
      }, {
        "lat" : 3.4583573825,
        "lon" : -76.533932044,
        "time" : "20141115T175311-0500"
      }, {
        "lat" : 3.4591306137,
        "lon" : -76.5339879059,
        "time" : "20141115T175331-0500"
      } ]
    } ],
    "lastUpdate" : "20141115T232932Z"
  }, {
    "type" : "place",
    "startTime" : "20141115T175331-0500",
    "endTime" : "20141115T193149-0500",
    "place" : {
      "id" : 278899855,
      "type" : "unknown",
      "location" : {
        "lat" : 3.4591306137,
        "lon" : -76.5339879059
      }
    },
    "activities" : [ {
      "activity" : "walking",
      "group" : "walking",
      "manual" : false,
      "startTime" : "20141115T175546-0500",
      "endTime" : "20141115T175616-0500",
      "duration" : 30.0,
      "distance" : 20.0,
      "steps" : 41,
      "trackPoints" : [ ]
    }, {
      "activity" : "walking",
      "group" : "walking",
      "manual" : false,
      "startTime" : "20141115T192623-0500",
      "endTime" : "20141115T192753-0500",
      "duration" : 90.0,
      "distance" : 65.0,
      "steps" : 131,
      "trackPoints" : [ ]
    } ],
    "lastUpdate" : "20141116T022846Z"
  }, {
    "type" : "move",
    "startTime" : "20141115T193149-0500",
    "endTime" : "20141115T193919-0500",
    "activities" : [ {
      "activity" : "transport",
      "group" : "transport",
      "manual" : false,
      "startTime" : "20141115T193149-0500",
      "endTime" : "20141115T193919-0500",
      "duration" : 450.0,
      "distance" : 1768.0,
      "trackPoints" : [ {
        "lat" : 3.4591306137,
        "lon" : -76.5339879059,
        "time" : "20141115T193149-0500"
      }, {
        "lat" : 3.4578632118,
        "lon" : -76.5342641721,
        "time" : "20141115T193221-0500"
      }, {
        "lat" : 3.4577449491,
        "lon" : -76.5343486529,
        "time" : "20141115T193241-0500"
      }, {
        "lat" : 3.4576644447,
        "lon" : -76.5344009271,
        "time" : "20141115T193301-0500"
      }, {
        "lat" : 3.457640107,
        "lon" : -76.5344173957,
        "time" : "20141115T193320-0500"
      }, {
        "lat" : 3.4576025354,
        "lon" : -76.5344435708,
        "time" : "20141115T193340-0500"
      }, {
        "lat" : 3.4511100787,
        "lon" : -76.5400042317,
        "time" : "20141115T193510-0500"
      }, {
        "lat" : 3.4510345809,
        "lon" : -76.5400436915,
        "time" : "20141115T193530-0500"
      }, {
        "lat" : 3.4494271833,
        "lon" : -76.5401740852,
        "time" : "20141115T193550-0500"
      }, {
        "lat" : 3.4493102583,
        "lon" : -76.5399595541,
        "time" : "20141115T193626-0500"
      }, {
        "lat" : 3.449304048,
        "lon" : -76.5399337113,
        "time" : "20141115T193651-0500"
      }, {
        "lat" : 3.4493055917,
        "lon" : -76.5399534559,
        "time" : "20141115T193710-0500"
      }, {
        "lat" : 3.4490418338,
        "lon" : -76.5382486472,
        "time" : "20141115T193919-0500"
      } ]
    } ],
    "lastUpdate" : "20141116T022846Z"
  }, {
    "type" : "place",
    "startTime" : "20141115T193920-0500",
    "endTime" : "20141115T210844-0500",
    "place" : {
      "id" : 278941821,
      "type" : "unknown",
      "location" : {
        "lat" : 3.4490418338,
        "lon" : -76.5382486472
      }
    },
    "activities" : [ {
      "activity" : "walking",
      "group" : "walking",
      "manual" : false,
      "startTime" : "20141115T193920-0500",
      "endTime" : "20141115T194018-0500",
      "duration" : 58.0,
      "distance" : 29.0,
      "steps" : 53,
      "trackPoints" : [ ]
    }, {
      "activity" : "walking",
      "group" : "walking",
      "manual" : false,
      "startTime" : "20141115T204321-0500",
      "endTime" : "20141115T204351-0500",
      "duration" : 30.0,
      "distance" : 25.0,
      "steps" : 50,
      "trackPoints" : [ ]
    }, {
      "activity" : "walking",
      "group" : "walking",
      "manual" : false,
      "startTime" : "20141115T210138-0500",
      "endTime" : "20141115T210208-0500",
      "duration" : 30.0,
      "distance" : 20.0,
      "steps" : 41,
      "trackPoints" : [ ]
    } ],
    "lastUpdate" : "20141116T110108Z"
  }, {
    "type" : "move",
    "startTime" : "20141115T210844-0500",
    "endTime" : "20141115T211635-0500",
    "activities" : [ {
      "activity" : "walking",
      "group" : "walking",
      "manual" : false,
      "startTime" : "20141115T210844-0500",
      "endTime" : "20141115T211635-0500",
      "duration" : 471.0,
      "distance" : 413.0,
      "steps" : 528,
      "trackPoints" : [ {
        "lat" : 3.4490418338,
        "lon" : -76.5382486472,
        "time" : "20141115T210844-0500"
      }, {
        "lat" : 3.4490388275,
        "lon" : -76.5382463143,
        "time" : "20141115T210914-0500"
      }, {
        "lat" : 3.4490346097,
        "lon" : -76.5382446734,
        "time" : "20141115T210936-0500"
      }, {
        "lat" : 3.4490252393,
        "lon" : -76.5382448232,
        "time" : "20141115T210956-0500"
      }, {
        "lat" : 3.4490134315,
        "lon" : -76.5382459255,
        "time" : "20141115T211016-0500"
      }, {
        "lat" : 3.4489979419,
        "lon" : -76.538248565,
        "time" : "20141115T211038-0500"
      }, {
        "lat" : 3.4489829647,
        "lon" : -76.5382528081,
        "time" : "20141115T211055-0500"
      }, {
        "lat" : 3.4489639856,
        "lon" : -76.5382606723,
        "time" : "20141115T211115-0500"
      }, {
        "lat" : 3.4489417292,
        "lon" : -76.5382732138,
        "time" : "20141115T211137-0500"
      }, {
        "lat" : 3.4489186885,
        "lon" : -76.5382889314,
        "time" : "20141115T211156-0500"
      }, {
        "lat" : 3.4488797927,
        "lon" : -76.5383211959,
        "time" : "20141115T211215-0500"
      }, {
        "lat" : 3.4483690776,
        "lon" : -76.5388247239,
        "time" : "20141115T211245-0500"
      }, {
        "lat" : 3.4482209302,
        "lon" : -76.5389755832,
        "time" : "20141115T211305-0500"
      }, {
        "lat" : 3.4481431613,
        "lon" : -76.5390682367,
        "time" : "20141115T211327-0500"
      }, {
        "lat" : 3.4481002322,
        "lon" : -76.5391153656,
        "time" : "20141115T211346-0500"
      }, {
        "lat" : 3.4480691403,
        "lon" : -76.5391482774,
        "time" : "20141115T211405-0500"
      }, {
        "lat" : 3.4480398462,
        "lon" : -76.5391870811,
        "time" : "20141115T211425-0500"
      }, {
        "lat" : 3.4479899086,
        "lon" : -76.5393022828,
        "time" : "20141115T211447-0500"
      }, {
        "lat" : 3.4477199192,
        "lon" : -76.5400419656,
        "time" : "20141115T211515-0500"
      }, {
        "lat" : 3.4476941396,
        "lon" : -76.5402997748,
        "time" : "20141115T211546-0500"
      }, {
        "lat" : 3.4477199047,
        "lon" : -76.5404859377,
        "time" : "20141115T211615-0500"
      }, {
        "lat" : 3.4480823954,
        "lon" : -76.5412180778,
        "time" : "20141115T211635-0500"
      } ]
    } ],
    "lastUpdate" : "20141116T110108Z"
  }, {
    "type" : "place",
    "startTime" : "20141115T211635-0500",
    "endTime" : "20141115T213325-0500",
    "place" : {
      "id" : 279240005,
      "type" : "unknown",
      "location" : {
        "lat" : 3.4482666058,
        "lon" : -76.5410156315
      }
    },
    "activities" : [ {
      "activity" : "walking",
      "group" : "walking",
      "manual" : false,
      "startTime" : "20141115T212159-0500",
      "endTime" : "20141115T212259-0500",
      "duration" : 60.0,
      "distance" : 38.0,
      "steps" : 76,
      "trackPoints" : [ ]
    } ],
    "lastUpdate" : "20141117T002546Z"
  } ],
  "lastUpdate" : "20141117T002546Z"
}, {
  "date" : "20141116",
  "summary" : null,
  "segments" : [ {
    "type" : "place",
    "startTime" : "20141116T180907-0500",
    "endTime" : "20141117T062350-0500",
    "place" : {
      "id" : 279240006,
      "type" : "unknown",
      "location" : {
        "lat" : 3.4499544248,
        "lon" : -76.5396014218
      }
    },
    "lastUpdate" : "20141117T123252Z"
  } ],
  "lastUpdate" : "20141117T123252Z"
} ]