[ {
  "date" : "20141113",
  "summary" : [ {
    "activity" : "walking",
    "group" : "walking",
    "duration" : 3293.0,
    "distance" : 3205.0,
    "steps" : 4463
  }, {
    "activity" : "transport",
    "group" : "transport",
    "duration" : 2446.0,
    "distance" : 14149.0
  } ],
  "segments" : [ {
    "type" : "move",
    "startTime" : "20141113T183801-0500",
    "endTime" : "20141113T184640-0500",
    "activities" : [ {
      "activity" : "walking",
      "group" : "walking",
      "manual" : false,
      "startTime" : "20141113T183801-0500",
      "endTime" : "20141113T184345-0500",
      "duration" : 344.0,
      "distance" : 274.0,
      "steps" : 486
    }, {
      "activity" : "transport",
      "group" : "transport",
      "manual" : false,
      "startTime" : "20141113T184345-0500",
      "endTime" : "20141113T184641-0500",
      "duration" : 176.0,
      "distance" : 380.0
    } ],
    "lastUpdate" : "20141114T011158Z"
  }, {
    "type" : "place",
    "startTime" : "20141113T184641-0500",
    "endTime" : "20141113T192450-0500",
    "activities" : [ {
      "activity" : "walking",
      "group" : "walking",
      "manual" : false,
      "startTime" : "20141113T185008-0500",
      "endTime" : "20141113T185304-0500",
      "duration" : 176.0,
      "distance" : 132.0,
      "steps" : 147
    } ],
    "lastUpdate" : "20141114T033339Z"
  }, {
    "type" : "move",
    "startTime" : "20141113T192450-0500",
    "endTime" : "20141113T193839-0500",
    "activities" : [ {
      "activity" : "walking",
      "group" : "walking",
      "manual" : false,
      "startTime" : "20141113T192450-0500",
      "endTime" : "20141113T193840-0500",
      "duration" : 830.0,
      "distance" : 928.0,
      "steps" : 1245
    } ],
    "lastUpdate" : "20141114T033339Z"
  }, {
    "type" : "place",
    "startTime" : "20141113T193840-0500",
    "endTime" : "20141113T194806-0500",
    "activities" : [ {
      "activity" : "walking",
      "group" : "walking",
      "manual" : false,
      "startTime" : "20141113T194400-0500",
      "endTime" : "20141113T194430-0500",
      "duration" : 30.0,
      "distance" : 15.0,
      "steps" : 25
    } ],
    "lastUpdate" : "20141114T033339Z"
  }, {
    "type" : "move",
    "startTime" : "20141113T194806-0500",
    "endTime" : "20141113T200700-0500",
    "activities" : [ {
      "activity" : "walking",
      "group" : "walking",
      "manual" : false,
      "startTime" : "20141113T194806-0500",
      "endTime" : "20141113T200701-0500",
      "duration" : 1135.0,
      "distance" : 1077.0,
      "steps" : 1461
    } ],
    "lastUpdate" : "20141114T033339Z"
  }, {
    "type" : "place",
    "startTime" : "20141113T200701-0500",
    "endTime" : "20141113T215933-0500",
    "activities" : [ {
      "activity" : "walking",
      "group" : "walking",
      "manual" : false,
      "startTime" : "20141113T200747-0500",
      "endTime" : "20141113T201049-0500",
      "duration" : 182.0,
      "distance" : 192.0,
      "steps" : 256
    } ],
    "lastUpdate" : "20141114T064533Z"
  }, {
    "type" : "move",
    "startTime" : "20141113T215933-0500",
    "endTime" : "20141113T224719-0500",
    "activities" : [ {
      "activity" : "walking",
      "group" : "walking",
      "manual" : false,
      "startTime" : "20141113T215933-0500",
      "endTime" : "20141113T220729-0500",
      "duration" : 476.0,
      "distance" : 405.0,
      "steps" : 691
    }, {
      "activity" : "transport",
      "group" : "transport",
      "manual" : false,
      "startTime" : "20141113T220728-0500",
      "endTime" : "20141113T223822-0500",
      "duration" : 1854.0,
      "distance" : 10847.0
    }, {
      "activity" : "walking",
      "group" : "walking",
      "manual" : false,
      "startTime" : "20141113T223822-0500",
      "endTime" : "20141113T224022-0500",
      "duration" : 120.0,
      "distance" : 182.0,
      "steps" : 152
    }, {
      "activity" : "transport",
      "group" : "transport",
      "manual" : false,
      "startTime" : "20141113T224022-0500",
      "endTime" : "20141113T224718-0500",
      "duration" : 416.0,
      "distance" : 2922.0
    } ],
    "lastUpdate" : "20141114T064533Z"
  } ],
  "lastUpdate" : "20141115T232932Z"
} ]