[ {
  "date" : "20141115",
  "summary" : [ {
    "activity" : "walking",
    "group" : "walking",
    "duration" : 5927.0,
    "distance" : 4909.0,
    "steps" : 8050
  }, {
    "activity" : "transport",
    "group" : "transport",
    "duration" : 41322.0,
    "distance" : 8851.0
  } ],
  "segments" : [ {
    "type" : "move",
    "startTime" : "20141114T083358-0500",
    "endTime" : "20141115T164637-0500",
    "activities" : [ {
      "activity" : "transport",
      "group" : "transport",
      "manual" : false,
      "startTime" : "20141115T000000-0500",
      "endTime" : "20141115T092415-0500",
      "duration" : 33855.0,
      "distance" : 5868.0
    }, {
      "activity" : "walking",
      "group" : "walking",
      "manual" : false,
      "startTime" : "20141115T092415-0500",
      "endTime" : "20141115T092736-0500",
      "duration" : 201.0,
      "distance" : 113.0,
      "steps" : 226
    }, {
      "activity" : "walking",
      "group" : "walking",
      "manual" : false,
      "startTime" : "20141115T093209-0500",
      "endTime" : "20141115T093449-0500",
      "duration" : 160.0,
      "distance" : 147.0,
      "steps" : 293
    }, {
      "activity" : "walking",
      "group" : "walking",
      "manual" : false,
      "startTime" : "20141115T093759-0500",
      "endTime" : "20141115T093953-0500",
      "duration" : 114.0,
      "distance" : 101.0,
      "steps" : 202
    }, {
      "activity" : "walking",
      "group" : "walking",
      "manual" : false,
      "startTime" : "20141115T094425-0500",
      "endTime" : "20141115T094726-0500",
      "duration" : 181.0,
      "distance" : 158.0,
      "steps" : 316
    }, {
      "activity" : "walking",
      "group" : "walking",
      "manual" : false,
      "startTime" : "20141115T103342-0500",
      "endTime" : "20141115T103544-0500",
      "duration" : 122.0,
      "distance" : 72.0,
      "steps" : 145
    }, {
      "activity" : "transport",
      "group" : "transport",
      "manual" : false,
      "startTime" : "20141115T124505-0500",
      "endTime" : "20141115T134723-0500",
      "duration" : 3738.0,
      "distance" : 647.0
    }, {
      "activity" : "walking",
      "group" : "walking",
      "manual" : false,
      "startTime" : "20141115T134722-0500",
      "endTime" : "20141115T135451-0500",
      "duration" : 449.0,
      "distance" : 266.0,
      "steps" : 531
    }, {
      "activity" : "transport",
      "group" : "transport",
      "manual" : false,
      "startTime" : "20141115T135451-0500",
      "endTime" : "20141115T144930-0500",
      "duration" : 3279.0,
      "distance" : 568.0
    }, {
      "activity" : "walking",
      "group" : "walking",
      "manual" : false,
      "startTime" : "20141115T144930-0500",
      "endTime" : "20141115T145301-0500",
      "duration" : 211.0,
      "distance" : 105.0,
      "steps" : 183
    }, {
      "activity" : "walking",
      "group" : "walking",
      "manual" : false,
      "startTime" : "20141115T153647-0500",
      "endTime" : "20141115T160450-0500",
      "duration" : 1683.0,
      "distance" : 1283.0,
      "steps" : 2566
    } ],
    "lastUpdate" : "20141115T232932Z"
  }, {
    "type" : "place",
    "startTime" : "20141115T164638-0500",
    "endTime" : "20141115T171818-0500",
    "activities" : [ {
      "activity" : "walking",
      "group" : "walking",
      "manual" : false,
      "startTime" : "20141115T170736-0500",
      "endTime" : "20141115T171101-0500",
      "duration" : 205.0,
      "distance" : 212.0,
      "steps" : 283
    } ],
    "lastUpdate" : "20141115T232932Z"
  }, {
    "type" : "move",
    "startTime" : "20141115T171818-0500",
    "endTime" : "20141115T173210-0500",
    "activities" : [ {
      "activity" : "walking",
      "group" : "walking",
      "manual" : false,
      "startTime" : "20141115T171818-0500",
      "endTime" : "20141115T173211-0500",
      "duration" : 833.0,
      "distance" : 779.0,
      "steps" : 1032
    } ],
    "lastUpdate" : "20141115T232932Z"
  }, {
    "type" : "move",
    "startTime" : "20141115T173431-0500",
    "endTime" : "20141115T174203-0500",
    "activities" : [ {
      "activity" : "walking",
      "group" : "walking",
      "manual" : false,
      "startTime" : "20141115T173431-0500",
      "endTime" : "20141115T174203-0500",
      "duration" : 452.0,
      "distance" : 442.0,
      "steps" : 495
    } ],
    "lastUpdate" : "20141115T232932Z"
  }, {
    "type" : "place",
    "startTime" : "20141115T174203-0500",
    "endTime" : "20141115T174536-0500",
    "activities" : [ {
      "activity" : "walking",
      "group" : "walking",
      "manual" : false,
      "startTime" : "20141115T174203-0500",
      "endTime" : "20141115T174314-0500",
      "duration" : 71.0,
      "distance" : 52.0,
      "steps" : 105
    } ],
    "lastUpdate" : "20141115T232932Z"
  }, {
    "type" : "move",
    "startTime" : "20141115T174536-0500",
    "endTime" : "20141115T175331-0500",
    "activities" : [ {
      "activity" : "walking",
      "group" : "walking",
      "manual" : false,
      "startTime" : "20141115T174536-0500",
      "endTime" : "20141115T175332-0500",
      "duration" : 476.0,
      "distance" : 569.0,
      "steps" : 753
    } ],
    "lastUpdate" : "20141115T232932Z"
  }, {
    "type" : "place",
    "startTime" : "20141115T175331-0500",
    "endTime" : "20141115T193149-0500",
    "activities" : [ {
      "activity" : "walking",
      "group" : "walking",
      "manual" : false,
      "startTime" : "20141115T175546-0500",
      "endTime" : "20141115T175616-0500",
      "duration" : 30.0,
      "distance" : 20.0,
      "steps" : 41
    }, {
      "activity" : "walking",
      "group" : "walking",
      "manual" : false,
      "startTime" : "20141115T192623-0500",
      "endTime" : "20141115T192753-0500",
      "duration" : 90.0,
      "distance" : 65.0,
      "steps" : 131
    } ],
    "lastUpdate" : "20141116T022846Z"
  }, {
    "type" : "move",
    "startTime" : "20141115T193149-0500",
    "endTime" : "20141115T193919-0500",
    "activities" : [ {
      "activity" : "transport",
      "group" : "transport",
      "manual" : false,
      "startTime" : "20141115T193149-0500",
      "endTime" : "20141115T193919-0500",
      "duration" : 450.0,
      "distance" : 1768.0
    } ],
    "lastUpdate" : "20141116T022846Z"
  }, {
    "type" : "place",
    "startTime" : "20141115T193920-0500",
    "endTime" : "20141115T210844-0500",
    "activities" : [ {
      "activity" : "walking",
      "group" : "walking",
      "manual" : false,
      "startTime" : "20141115T193920-0500",
      "endTime" : "20141115T194018-0500",
      "duration" : 58.0,
      "distance" : 29.0,
      "steps" : 53
    }, {
      "activity" : "walking",
      "group" : "walking",
      "manual" : false,
      "startTime" : "20141115T204321-0500",
      "endTime" : "20141115T204351-0500",
      "duration" : 30.0,
      "distance" : 25.0,
      "steps" : 50
    }, {
      "activity" : "walking",
      "group" : "walking",
      "manual" : false,
      "startTime" : "20141115T210138-0500",
      "endTime" : "20141115T210208-0500",
      "duration" : 30.0,
      "distance" : 20.0,
      "steps" : 41
    } ],
    "lastUpdate" : "20141116T110108Z"
  }, {
    "type" : "move",
    "startTime" : "20141115T210844-0500",
    "endTime" : "20141115T211635-0500",
    "activities" : [ {
      "activity" : "walking",
      "group" : "walking",
      "manual" : false,
      "startTime" : "20141115T210844-0500",
      "endTime" : "20141115T211635-0500",
      "duration" : 471.0,
      "distance" : 413.0,
      "steps" : 528
    } ],
    "lastUpdate" : "20141116T110108Z"
  }, {
    "type" : "place",
    "startTime" : "20141115T211635-0500",
    "endTime" : "20141115T213325-0500",
    "activities" : [ {
      "activity" : "walking",
      "group" : "walking",
      "manual" : false,
      "startTime" : "20141115T212159-0500",
      "endTime" : "20141115T212259-0500",
      "duration" : 60.0,
      "distance" : 38.0,
      "steps" : 76
    } ],
    "lastUpdate" : "20141117T002546Z"
  } ],
  "lastUpdate" : "20141117T002546Z"
} ]