[ {
  "date" : "20141115",
  "segments" : [ {
    "type" : "place",
    "startTime" : "20141115T164638-0500",
    "endTime" : "20141115T171818-0500",
    "place" : {
      "id" : 278875633,
      "type" : "unknown",
      "location" : {
        "lat" : 3.4588660614,
        "lon" : -76.5340806247
      }
    },
    "lastUpdate" : "20141115T232932Z"
  }, {
    "type" : "place",
    "startTime" : "20141115T173210-0500",
    "endTime" : "20141115T173431-0500",
    "place" : {
      "id" : 278899853,
      "type" : "unknown",
      "location" : {
        "lat" : 3.453822455,
        "lon" : -76.5333439073
      }
    },
    "lastUpdate" : "20141115T232932Z"
  }, {
    "type" : "place",
    "startTime" : "20141115T174203-0500",
    "endTime" : "20141115T174536-0500",
    "place" : {
      "id" : 278899854,
      "type" : "unknown",
      "location" : {
        "lat" : 3.456077748,
        "lon" : -76.5329031836
      }
    },
    "lastUpdate" : "20141115T232932Z"
  }, {
    "type" : "place",
    "startTime" : "20141115T175331-0500",
    "endTime" : "20141115T193149-0500",
    "place" : {
      "id" : 278899855,
      "type" : "unknown",
      "location" : {
        "lat" : 3.4591306137,
        "lon" : -76.5339879059
      }
    },
    "lastUpdate" : "20141116T022846Z"
  }, {
    "type" : "place",
    "startTime" : "20141115T193920-0500",
    "endTime" : "20141115T210844-0500",
    "place" : {
      "id" : 278941821,
      "type" : "unknown",
      "location" : {
        "lat" : 3.4490418338,
        "lon" : -76.5382486472
      }
    },
    "lastUpdate" : "20141116T110108Z"
  }, {
    "type" : "place",
    "startTime" : "20141115T211635-0500",
    "endTime" : "20141115T213325-0500",
    "place" : {
      "id" : 279240005,
      "type" : "unknown",
      "location" : {
        "lat" : 3.4482666058,
        "lon" : -76.5410156315
      }
    },
    "lastUpdate" : "20141117T002546Z"
  } ],
  "lastUpdate" : "20141117T002546Z"
} ]