[ {
  "date" : "20141113",
  "segments" : [ {
    "type" : "place",
    "startTime" : "20141113T181419-0500",
    "endTime" : "20141113T183801-0500",
    "place" : {
      "id" : 278188538,
      "type" : "unknown",
      "location" : {
        "lat" : 3.4639859148,
        "lon" : -76.5301227752
      }
    },
    "lastUpdate" : "20141114T011158Z"
  }, {
    "type" : "place",
    "startTime" : "20141113T184641-0500",
    "endTime" : "20141113T192450-0500",
    "place" : {
      "id" : 278203003,
      "type" : "unknown",
      "location" : {
        "lat" : 3.4603218728,
        "lon" : -76.5335156109
      }
    },
    "lastUpdate" : "20141114T033339Z"
  }, {
    "type" : "place",
    "startTime" : "20141113T193840-0500",
    "endTime" : "20141113T194806-0500",
    "place" : {
      "id" : 278224958,
      "type" : "unknown",
      "location" : {
        "lat" : 3.4542580434,
        "lon" : -76.5373589198
      }
    },
    "lastUpdate" : "20141114T033339Z"
  }, {
    "type" : "place",
    "startTime" : "20141113T200701-0500",
    "endTime" : "20141113T215933-0500",
    "place" : {
      "id" : 278224959,
      "type" : "unknown",
      "location" : {
        "lat" : 3.4480823954,
        "lon" : -76.5412180778
      }
    },
    "lastUpdate" : "20141114T064533Z"
  }, {
    "type" : "place",
    "startTime" : "20141113T225731-0500",
    "endTime" : "20141114T083358-0500",
    "place" : {
      "id" : 278254819,
      "type" : "unknown",
      "location" : {
        "lat" : 3.3646059183,
        "lon" : -76.559999961
      }
    },
    "lastUpdate" : "20141115T232932Z"
  } ],
  "lastUpdate" : "20141115T232932Z"
} ]