[ {
  "date" : "20141114",
  "summary" : [ {
    "activity" : "cycling",
    "group" : "cycling",
    "duration" : 127.0,
    "distance" : 9.0
  }, {
    "activity" : "walking",
    "group" : "walking",
    "duration" : 8066.0,
    "distance" : 5417.0,
    "steps" : 10761
  }, {
    "activity" : "transport",
    "group" : "transport",
    "duration" : 24004.0,
    "distance" : 4159.0
  } ],
  "segments" : [ {
    "type" : "place",
    "startTime" : "20141113T225731-0500",
    "endTime" : "20141114T083358-0500",
    "place" : {
      "id" : 278254819,
      "type" : "unknown",
      "location" : {
        "lat" : 3.3646059183,
        "lon" : -76.559999961
      }
    },
    "lastUpdate" : "20141115T232932Z"
  }, {
    "type" : "move",
    "startTime" : "20141114T083358-0500",
    "endTime" : "20141115T164637-0500",
    "activities" : [ {
      "activity" : "walking",
      "group" : "walking",
      "manual" : false,
      "startTime" : "20141114T083358-0500",
      "endTime" : "20141114T083651-0500",
      "duration" : 173.0,
      "distance" : 87.0,
      "steps" : 132,
      "trackPoints" : [ {
        "lat" : 3.3646059183,
        "lon" : -76.559999961,
        "time" : "20141114T083358-0500"
      }, {
        "lat" : 3.3648667471,
        "lon" : -76.5598693625,
        "time" : "20141114T083651-0500"
      } ]
    }, {
      "activity" : "walking",
      "group" : "walking",
      "manual" : false,
      "startTime" : "20141114T084428-0500",
      "endTime" : "20141114T084649-0500",
      "duration" : 141.0,
      "distance" : 129.0,
      "steps" : 258,
      "trackPoints" : [ {
        "lat" : 3.364946332,
        "lon" : -76.5598475125,
        "time" : "20141114T084428-0500"
      }, {
        "lat" : 3.3649709624,
        "lon" : -76.5598407502,
        "time" : "20141114T084649-0500"
      } ]
    }, {
      "activity" : "walking",
      "group" : "walking",
      "manual" : false,
      "startTime" : "20141114T090827-0500",
      "endTime" : "20141114T091146-0500",
      "duration" : 199.0,
      "distance" : 177.0,
      "steps" : 355,
      "trackPoints" : [ {
        "lat" : 3.3651970146,
        "lon" : -76.5597786877,
        "time" : "20141114T090827-0500"
      }, {
        "lat" : 3.3652316208,
        "lon" : -76.5597691866,
        "time" : "20141114T091145-0500"
      } ]
    }, {
      "activity" : "walking",
      "group" : "walking",
      "manual" : false,
      "startTime" : "20141114T091624-0500",
      "endTime" : "20141114T091855-0500",
      "duration" : 151.0,
      "distance" : 138.0,
      "steps" : 276,
      "trackPoints" : [ {
        "lat" : 3.365280156,
        "lon" : -76.5597558613,
        "time" : "20141114T091624-0500"
      }, {
        "lat" : 3.3653064321,
        "lon" : -76.5597486472,
        "time" : "20141114T091855-0500"
      } ]
    }, {
      "activity" : "walking",
      "group" : "walking",
      "manual" : false,
      "startTime" : "20141114T095214-0500",
      "endTime" : "20141114T095546-0500",
      "duration" : 212.0,
      "distance" : 158.0,
      "steps" : 317,
      "trackPoints" : [ {
        "lat" : 3.3656547223,
        "lon" : -76.5596530243,
        "time" : "20141114T095214-0500"
      }, {
        "lat" : 3.3656915811,
        "lon" : -76.5596429048,
        "time" : "20141114T095546-0500"
      } ]
    }, {
      "activity" : "walking",
      "group" : "walking",
      "manual" : false,
      "startTime" : "20141114T100459-0500",
      "endTime" : "20141114T100749-0500",
      "duration" : 170.0,
      "distance" : 161.0,
      "steps" : 323,
      "trackPoints" : [ {
        "lat" : 3.3657880318,
        "lon" : -76.5596164243,
        "time" : "20141114T100459-0500"
      }, {
        "lat" : 3.3658176754,
        "lon" : -76.5596082857,
        "time" : "20141114T100750-0500"
      } ]
    }, {
      "activity" : "walking",
      "group" : "walking",
      "manual" : false,
      "startTime" : "20141114T101135-0500",
      "endTime" : "20141114T101356-0500",
      "duration" : 141.0,
      "distance" : 101.0,
      "steps" : 203,
      "trackPoints" : [ {
        "lat" : 3.365856932,
        "lon" : -76.5595975078,
        "time" : "20141114T101135-0500"
      }, {
        "lat" : 3.3658815474,
        "lon" : -76.5595907497,
        "time" : "20141114T101356-0500"
      } ]
    }, {
      "activity" : "walking",
      "group" : "walking",
      "manual" : false,
      "startTime" : "20141114T102608-0500",
      "endTime" : "20141114T103928-0500",
      "duration" : 800.0,
      "distance" : 529.0,
      "steps" : 1059,
      "trackPoints" : [ {
        "lat" : 3.3660090089,
        "lon" : -76.5595557552,
        "time" : "20141114T102608-0500"
      }, {
        "lat" : 3.3661483023,
        "lon" : -76.5595175123,
        "time" : "20141114T103928-0500"
      } ]
    }, {
      "activity" : "transport",
      "group" : "transport",
      "manual" : false,
      "startTime" : "20141114T103928-0500",
      "endTime" : "20141114T124236-0500",
      "duration" : 7388.0,
      "distance" : 1280.0,
      "trackPoints" : [ {
        "lat" : 3.3661483023,
        "lon" : -76.5595175123,
        "time" : "20141114T103928-0500"
      }, {
        "lat" : 3.3677578469,
        "lon" : -76.5590756128,
        "time" : "20141114T105959-0500"
      }, {
        "lat" : 3.36775786,
        "lon" : -76.5590756092,
        "time" : "20141114T110000-0500"
      }, {
        "lat" : 3.3724612675,
        "lon" : -76.5577842915,
        "time" : "20141114T115959-0500"
      }, {
        "lat" : 3.3724612806,
        "lon" : -76.5577842879,
        "time" : "20141114T120000-0500"
      }, {
        "lat" : 3.3758006518,
        "lon" : -76.5568674655,
        "time" : "20141114T124235-0500"
      } ]
    }, {
      "activity" : "walking",
      "group" : "walking",
      "manual" : false,
      "startTime" : "20141114T124235-0500",
      "endTime" : "20141114T125143-0500",
      "duration" : 548.0,
      "distance" : 319.0,
      "steps" : 638,
      "trackPoints" : [ {
        "lat" : 3.3758006518,
        "lon" : -76.5568674655,
        "time" : "20141114T124235-0500"
      }, {
        "lat" : 3.3758961221,
        "lon" : -76.5568412542,
        "time" : "20141114T125144-0500"
      } ]
    }, {
      "activity" : "walking",
      "group" : "walking",
      "manual" : false,
      "startTime" : "20141114T141353-0500",
      "endTime" : "20141114T141824-0500",
      "duration" : 271.0,
      "distance" : 158.0,
      "steps" : 315,
      "trackPoints" : [ {
        "lat" : 3.3767549047,
        "lon" : -76.5566054759,
        "time" : "20141114T141353-0500"
      }, {
        "lat" : 3.376802045,
        "lon" : -76.5565925336,
        "time" : "20141114T141824-0500"
      } ]
    }, {
      "activity" : "cycling",
      "group" : "cycling",
      "manual" : false,
      "startTime" : "20141114T143211-0500",
      "endTime" : "20141114T143418-0500",
      "duration" : 127.0,
      "distance" : 9.0,
      "trackPoints" : [ {
        "lat" : 3.376946115,
        "lon" : -76.5565529793,
        "time" : "20141114T143211-0500"
      }, {
        "lat" : 3.3770122533,
        "lon" : -76.556534821,
        "time" : "20141114T143418-0500"
      } ]
    }, {
      "activity" : "walking",
      "group" : "walking",
      "manual" : false,
      "startTime" : "20141114T152254-0500",
      "endTime" : "20141114T160904-0500",
      "duration" : 2770.0,
      "distance" : 1707.0,
      "steps" : 3415,
      "trackPoints" : [ {
        "lat" : 3.3775203847,
        "lon" : -76.5563953139,
        "time" : "20141114T152254-0500"
      }, {
        "lat" : 3.3779079837,
        "lon" : -76.5562888988,
        "time" : "20141114T155959-0500"
      }, {
        "lat" : 3.3779079854,
        "lon" : -76.5562888983,
        "time" : "20141114T160000-0500"
      }, {
        "lat" : 3.3780027105,
        "lon" : -76.5562628916,
        "time" : "20141114T160903-0500"
      } ]
    }, {
      "activity" : "walking",
      "group" : "walking",
      "manual" : false,
      "startTime" : "20141114T162854-0500",
      "endTime" : "20141114T163117-0500",
      "duration" : 143.0,
      "distance" : 71.0,
      "steps" : 116,
      "trackPoints" : [ {
        "lat" : 3.3782100982,
        "lon" : -76.5562059534,
        "time" : "20141114T162854-0500"
      }, {
        "lat" : 3.3782349853,
        "lon" : -76.5561991207,
        "time" : "20141114T163117-0500"
      } ]
    }, {
      "activity" : "transport",
      "group" : "transport",
      "manual" : false,
      "startTime" : "20141114T163117-0500",
      "endTime" : "20141114T183742-0500",
      "duration" : 7585.0,
      "distance" : 1314.0,
      "trackPoints" : [ {
        "lat" : 3.3782349853,
        "lon" : -76.5561991207,
        "time" : "20141114T163117-0500"
      }, {
        "lat" : 3.380485894,
        "lon" : -76.5555811351,
        "time" : "20141114T165959-0500"
      }, {
        "lat" : 3.3804859071,
        "lon" : -76.5555811315,
        "time" : "20141114T170000-0500"
      }, {
        "lat" : 3.3851893146,
        "lon" : -76.5542898138,
        "time" : "20141114T175959-0500"
      }, {
        "lat" : 3.3851893277,
        "lon" : -76.5542898102,
        "time" : "20141114T180000-0500"
      }, {
        "lat" : 3.3881449256,
        "lon" : -76.5534783525,
        "time" : "20141114T183742-0500"
      } ]
    }, {
      "activity" : "walking",
      "group" : "walking",
      "manual" : false,
      "startTime" : "20141114T183742-0500",
      "endTime" : "20141114T185142-0500",
      "duration" : 840.0,
      "distance" : 634.0,
      "steps" : 1268,
      "trackPoints" : [ {
        "lat" : 3.3881449256,
        "lon" : -76.5534783525,
        "time" : "20141114T183742-0500"
      }, {
        "lat" : 3.3882912877,
        "lon" : -76.5534381689,
        "time" : "20141114T185142-0500"
      } ]
    }, {
      "activity" : "walking",
      "group" : "walking",
      "manual" : false,
      "startTime" : "20141114T190924-0500",
      "endTime" : "20141114T191200-0500",
      "duration" : 156.0,
      "distance" : 78.0,
      "steps" : 148,
      "trackPoints" : [ {
        "lat" : 3.3884763102,
        "lon" : -76.5533873711,
        "time" : "20141114T190924-0500"
      }, {
        "lat" : 3.3885035355,
        "lon" : -76.5533798964,
        "time" : "20141114T191200-0500"
      } ]
    }, {
      "activity" : "walking",
      "group" : "walking",
      "manual" : false,
      "startTime" : "20141114T193736-0500",
      "endTime" : "20141114T194013-0500",
      "duration" : 157.0,
      "distance" : 132.0,
      "steps" : 265,
      "trackPoints" : [ {
        "lat" : 3.3887710594,
        "lon" : -76.5533064479,
        "time" : "20141114T193736-0500"
      }, {
        "lat" : 3.3887983334,
        "lon" : -76.5532989598,
        "time" : "20141114T194013-0500"
      } ]
    }, {
      "activity" : "transport",
      "group" : "transport",
      "manual" : false,
      "startTime" : "20141114T194013-0500",
      "endTime" : "20141114T210600-0500",
      "duration" : 5147.0,
      "distance" : 892.0,
      "trackPoints" : [ {
        "lat" : 3.3887983334,
        "lon" : -76.5532989598,
        "time" : "20141114T194013-0500"
      }, {
        "lat" : 3.3903490049,
        "lon" : -76.5528732239,
        "time" : "20141114T195959-0500"
      }, {
        "lat" : 3.3903490179,
        "lon" : -76.5528732203,
        "time" : "20141114T200000-0500"
      }, {
        "lat" : 3.3950524254,
        "lon" : -76.5515819026,
        "time" : "20141114T205959-0500"
      }, {
        "lat" : 3.3950524385,
        "lon" : -76.551581899,
        "time" : "20141114T210000-0500"
      }, {
        "lat" : 3.3955231021,
        "lon" : -76.5514526786,
        "time" : "20141114T210600-0500"
      } ]
    }, {
      "activity" : "walking",
      "group" : "walking",
      "manual" : false,
      "startTime" : "20141114T210600-0500",
      "endTime" : "20141114T211214-0500",
      "duration" : 374.0,
      "distance" : 232.0,
      "steps" : 463,
      "trackPoints" : [ {
        "lat" : 3.3955231021,
        "lon" : -76.5514526786,
        "time" : "20141114T210600-0500"
      }, {
        "lat" : 3.3955881697,
        "lon" : -76.5514348143,
        "time" : "20141114T211213-0500"
      } ]
    }, {
      "activity" : "walking",
      "group" : "walking",
      "manual" : false,
      "startTime" : "20141114T213043-0500",
      "endTime" : "20141114T213245-0500",
      "duration" : 122.0,
      "distance" : 93.0,
      "steps" : 185,
      "trackPoints" : [ {
        "lat" : 3.3957814199,
        "lon" : -76.5513817576,
        "time" : "20141114T213043-0500"
      }, {
        "lat" : 3.3958026727,
        "lon" : -76.5513759227,
        "time" : "20141114T213245-0500"
      } ]
    }, {
      "activity" : "walking",
      "group" : "walking",
      "manual" : false,
      "startTime" : "20141114T221757-0500",
      "endTime" : "20141114T222044-0500",
      "duration" : 167.0,
      "distance" : 96.0,
      "steps" : 191,
      "trackPoints" : [ {
        "lat" : 3.3962751401,
        "lon" : -76.551246207,
        "time" : "20141114T221757-0500"
      }, {
        "lat" : 3.3963042125,
        "lon" : -76.5512382252,
        "time" : "20141114T222044-0500"
      } ]
    }, {
      "activity" : "walking",
      "group" : "walking",
      "manual" : false,
      "startTime" : "20141114T224625-0500",
      "endTime" : "20141114T225516-0500",
      "duration" : 531.0,
      "distance" : 417.0,
      "steps" : 834,
      "trackPoints" : [ {
        "lat" : 3.3965726954,
        "lon" : -76.5511645134,
        "time" : "20141114T224625-0500"
      }, {
        "lat" : 3.3966652115,
        "lon" : -76.5511391132,
        "time" : "20141114T225516-0500"
      } ]
    }, {
      "activity" : "transport",
      "group" : "transport",
      "manual" : false,
      "startTime" : "20141114T225516-0500",
      "endTime" : "20141115T000000-0500",
      "duration" : 3884.0,
      "distance" : 673.0,
      "trackPoints" : [ {
        "lat" : 3.3966652115,
        "lon" : -76.5511391132,
        "time" : "20141114T225516-0500"
      }, {
        "lat" : 3.3970355558,
        "lon" : -76.5510374354,
        "time" : "20141114T225959-0500"
      }, {
        "lat" : 3.3970355688,
        "lon" : -76.5510374318,
        "time" : "20141114T230000-0500"
      }, {
        "lat" : 3.4017389764,
        "lon" : -76.5497461141,
        "time" : "20141114T235959-0500"
      } ]
    } ],
    "lastUpdate" : "20141115T232932Z"
  } ],
  "lastUpdate" : "20141115T232932Z"
} ]