[ {
  "date" : "20141113",
  "summary" : [ {
    "activity" : "walking",
    "group" : "walking",
    "duration" : 3293.0,
    "distance" : 3205.0,
    "steps" : 4463
  }, {
    "activity" : "transport",
    "group" : "transport",
    "duration" : 2446.0,
    "distance" : 14149.0
  } ],
  "segments" : [ {
    "type" : "place",
    "startTime" : "20141113T181419-0500",
    "endTime" : "20141113T183801-0500",
    "place" : {
      "id" : 278188538,
      "type" : "unknown",
      "location" : {
        "lat" : 3.4639859148,
        "lon" : -76.5301227752
      }
    },
    "lastUpdate" : "20141114T011158Z"
  }, {
    "type" : "move",
    "startTime" : "20141113T183801-0500",
    "endTime" : "20141113T184640-0500",
    "activities" : [ {
      "activity" : "walking",
      "group" : "walking",
      "manual" : false,
      "startTime" : "20141113T183801-0500",
      "endTime" : "20141113T184345-0500",
      "duration" : 344.0,
      "distance" : 274.0,
      "steps" : 486,
      "trackPoints" : [ {
        "lat" : 3.4639859148,
        "lon" : -76.5301227752,
        "time" : "20141113T183801-0500"
      }, {
        "lat" : 3.4640400671,
        "lon" : -76.5301368729,
        "time" : "20141113T183831-0500"
      }, {
        "lat" : 3.4640208754,
        "lon" : -76.5301401303,
        "time" : "20141113T183851-0500"
      }, {
        "lat" : 3.4639926182,
        "lon" : -76.5301448581,
        "time" : "20141113T183912-0500"
      }, {
        "lat" : 3.4639591013,
        "lon" : -76.5301508413,
        "time" : "20141113T183932-0500"
      }, {
        "lat" : 3.4639203474,
        "lon" : -76.5301583123,
        "time" : "20141113T183952-0500"
      }, {
        "lat" : 3.4638867525,
        "lon" : -76.5301644381,
        "time" : "20141113T184012-0500"
      }, {
        "lat" : 3.4638539371,
        "lon" : -76.5301709126,
        "time" : "20141113T184032-0500"
      }, {
        "lat" : 3.4632872663,
        "lon" : -76.5303281946,
        "time" : "20141113T184052-0500"
      }, {
        "lat" : 3.4627301621,
        "lon" : -76.5304976936,
        "time" : "20141113T184112-0500"
      }, {
        "lat" : 3.4624323351,
        "lon" : -76.53060507,
        "time" : "20141113T184132-0500"
      }, {
        "lat" : 3.4622516858,
        "lon" : -76.5306775523,
        "time" : "20141113T184151-0500"
      }, {
        "lat" : 3.4621267495,
        "lon" : -76.5307333949,
        "time" : "20141113T184211-0500"
      }, {
        "lat" : 3.4620414376,
        "lon" : -76.5307745026,
        "time" : "20141113T184231-0500"
      }, {
        "lat" : 3.4619718255,
        "lon" : -76.5308099132,
        "time" : "20141113T184251-0500"
      }, {
        "lat" : 3.4618950147,
        "lon" : -76.530850805,
        "time" : "20141113T184311-0500"
      }, {
        "lat" : 3.4617925696,
        "lon" : -76.5309115571,
        "time" : "20141113T184345-0500"
      } ]
    }, {
      "activity" : "transport",
      "group" : "transport",
      "manual" : false,
      "startTime" : "20141113T184345-0500",
      "endTime" : "20141113T184641-0500",
      "duration" : 176.0,
      "distance" : 380.0,
      "trackPoints" : [ {
        "lat" : 3.4617925696,
        "lon" : -76.5309115571,
        "time" : "20141113T184345-0500"
      }, {
        "lat" : 3.4616839076,
        "lon" : -76.531016622,
        "time" : "20141113T184402-0500"
      }, {
        "lat" : 3.4615504884,
        "lon" : -76.5312037956,
        "time" : "20141113T184431-0500"
      }, {
        "lat" : 3.4603218728,
        "lon" : -76.5335156109,
        "time" : "20141113T184640-0500"
      } ]
    } ],
    "lastUpdate" : "20141114T011158Z"
  }, {
    "type" : "place",
    "startTime" : "20141113T184641-0500",
    "endTime" : "20141113T192450-0500",
    "place" : {
      "id" : 278203003,
      "type" : "unknown",
      "location" : {
        "lat" : 3.4603218728,
        "lon" : -76.5335156109
      }
    },
    "activities" : [ {
      "activity" : "walking",
      "group" : "walking",
      "manual" : false,
      "startTime" : "20141113T185008-0500",
      "endTime" : "20141113T185304-0500",
      "duration" : 176.0,
      "distance" : 132.0,
      "steps" : 147,
      "trackPoints" : [ ]
    } ],
    "lastUpdate" : "20141114T033339Z"
  }, {
    "type" : "move",
    "startTime" : "20141113T192450-0500",
    "endTime" : "20141113T193839-0500",
    "activities" : [ {
      "activity" : "walking",
      "group" : "walking",
      "manual" : false,
      "startTime" : "20141113T192450-0500",
      "endTime" : "20141113T193840-0500",
      "duration" : 830.0,
      "distance" : 928.0,
      "steps" : 1245,
      "trackPoints" : [ {
        "lat" : 3.4603218728,
        "lon" : -76.5335156109,
        "time" : "20141113T192450-0500"
      }, {
        "lat" : 3.4581999673,
        "lon" : -76.535103239,
        "time" : "20141113T192813-0500"
      }, {
        "lat" : 3.4582031327,
        "lon" : -76.5351682696,
        "time" : "20141113T192835-0500"
      }, {
        "lat" : 3.4581866059,
        "lon" : -76.5352276229,
        "time" : "20141113T192851-0500"
      }, {
        "lat" : 3.4581719587,
        "lon" : -76.5352516198,
        "time" : "20141113T192911-0500"
      }, {
        "lat" : 3.458115656,
        "lon" : -76.5352946527,
        "time" : "20141113T192931-0500"
      }, {
        "lat" : 3.4567749711,
        "lon" : -76.5362657925,
        "time" : "20141113T193145-0500"
      }, {
        "lat" : 3.4566269567,
        "lon" : -76.5363308806,
        "time" : "20141113T193205-0500"
      }, {
        "lat" : 3.4553175547,
        "lon" : -76.5366556623,
        "time" : "20141113T193529-0500"
      }, {
        "lat" : 3.4542580434,
        "lon" : -76.5373589198,
        "time" : "20141113T193839-0500"
      } ]
    } ],
    "lastUpdate" : "20141114T033339Z"
  }, {
    "type" : "place",
    "startTime" : "20141113T193840-0500",
    "endTime" : "20141113T194806-0500",
    "place" : {
      "id" : 278224958,
      "type" : "unknown",
      "location" : {
        "lat" : 3.4542580434,
        "lon" : -76.5373589198
      }
    },
    "activities" : [ {
      "activity" : "walking",
      "group" : "walking",
      "manual" : false,
      "startTime" : "20141113T194400-0500",
      "endTime" : "20141113T194430-0500",
      "duration" : 30.0,
      "distance" : 15.0,
      "steps" : 25,
      "trackPoints" : [ ]
    } ],
    "lastUpdate" : "20141114T033339Z"
  }, {
    "type" : "move",
    "startTime" : "20141113T194806-0500",
    "endTime" : "20141113T200700-0500",
    "activities" : [ {
      "activity" : "walking",
      "group" : "walking",
      "manual" : false,
      "startTime" : "20141113T194806-0500",
      "endTime" : "20141113T200701-0500",
      "duration" : 1135.0,
      "distance" : 1077.0,
      "steps" : 1461,
      "trackPoints" : [ {
        "lat" : 3.4542580434,
        "lon" : -76.5373589198,
        "time" : "20141113T194806-0500"
      }, {
        "lat" : 3.4541577433,
        "lon" : -76.5373113343,
        "time" : "20141113T194934-0500"
      }, {
        "lat" : 3.4539895141,
        "lon" : -76.5381567627,
        "time" : "20141113T195258-0500"
      }, {
        "lat" : 3.4539168406,
        "lon" : -76.538242071,
        "time" : "20141113T195314-0500"
      }, {
        "lat" : 3.4510506332,
        "lon" : -76.5402691111,
        "time" : "20141113T195959-0500"
      }, {
        "lat" : 3.4510505624,
        "lon" : -76.5402691612,
        "time" : "20141113T200000-0500"
      }, {
        "lat" : 3.4508737214,
        "lon" : -76.5403942267,
        "time" : "20141113T200024-0500"
      }, {
        "lat" : 3.4508141212,
        "lon" : -76.5404221235,
        "time" : "20141113T200052-0500"
      }, {
        "lat" : 3.4506433258,
        "lon" : -76.5399148462,
        "time" : "20141113T200132-0500"
      }, {
        "lat" : 3.4505884764,
        "lon" : -76.5397744536,
        "time" : "20141113T200152-0500"
      }, {
        "lat" : 3.4505446024,
        "lon" : -76.539742548,
        "time" : "20141113T200212-0500"
      }, {
        "lat" : 3.450373548,
        "lon" : -76.5398709031,
        "time" : "20141113T200242-0500"
      }, {
        "lat" : 3.4501039302,
        "lon" : -76.5400978631,
        "time" : "20141113T200312-0500"
      }, {
        "lat" : 3.449776001,
        "lon" : -76.5404373017,
        "time" : "20141113T200343-0500"
      }, {
        "lat" : 3.449679512,
        "lon" : -76.540521498,
        "time" : "20141113T200401-0500"
      }, {
        "lat" : 3.4480823954,
        "lon" : -76.5412180778,
        "time" : "20141113T200700-0500"
      } ]
    } ],
    "lastUpdate" : "20141114T033339Z"
  }, {
    "type" : "place",
    "startTime" : "20141113T200701-0500",
    "endTime" : "20141113T215933-0500",
    "place" : {
      "id" : 278224959,
      "type" : "unknown",
      "location" : {
        "lat" : 3.4480823954,
        "lon" : -76.5412180778
      }
    },
    "activities" : [ {
      "activity" : "walking",
      "group" : "walking",
      "manual" : false,
      "startTime" : "20141113T200747-0500",
      "endTime" : "20141113T201049-0500",
      "duration" : 182.0,
      "distance" : 192.0,
      "steps" : 256,
      "trackPoints" : [ ]
    } ],
    "lastUpdate" : "20141114T064533Z"
  }, {
    "type" : "move",
    "startTime" : "20141113T215933-0500",
    "endTime" : "20141113T224719-0500",
    "activities" : [ {
      "activity" : "walking",
      "group" : "walking",
      "manual" : false,
      "startTime" : "20141113T215933-0500",
      "endTime" : "20141113T220729-0500",
      "duration" : 476.0,
      "distance" : 405.0,
      "steps" : 691,
      "trackPoints" : [ {
        "lat" : 3.4480823954,
        "lon" : -76.5412180778,
        "time" : "20141113T215933-0500"
      }, {
        "lat" : 3.4483088459,
        "lon" : -76.5411243415,
        "time" : "20141113T215954-0500"
      }, {
        "lat" : 3.4483172647,
        "lon" : -76.5411296202,
        "time" : "20141113T215959-0500"
      }, {
        "lat" : 3.4483172789,
        "lon" : -76.5411296291,
        "time" : "20141113T220000-0500"
      }, {
        "lat" : 3.4483355534,
        "lon" : -76.5411410873,
        "time" : "20141113T220012-0500"
      }, {
        "lat" : 3.4484142677,
        "lon" : -76.5411911802,
        "time" : "20141113T220032-0500"
      }, {
        "lat" : 3.4485399173,
        "lon" : -76.5412721669,
        "time" : "20141113T220102-0500"
      }, {
        "lat" : 3.4486007818,
        "lon" : -76.5413109959,
        "time" : "20141113T220122-0500"
      }, {
        "lat" : 3.4486584393,
        "lon" : -76.5413161153,
        "time" : "20141113T220142-0500"
      }, {
        "lat" : 3.4489156972,
        "lon" : -76.5411028034,
        "time" : "20141113T220210-0500"
      }, {
        "lat" : 3.4490322392,
        "lon" : -76.5409694051,
        "time" : "20141113T220230-0500"
      }, {
        "lat" : 3.4491859557,
        "lon" : -76.540424032,
        "time" : "20141113T220310-0500"
      }, {
        "lat" : 3.4492159002,
        "lon" : -76.5403200671,
        "time" : "20141113T220330-0500"
      }, {
        "lat" : 3.4492382162,
        "lon" : -76.5402726226,
        "time" : "20141113T220350-0500"
      }, {
        "lat" : 3.449258904,
        "lon" : -76.5402419502,
        "time" : "20141113T220412-0500"
      }, {
        "lat" : 3.4493121189,
        "lon" : -76.5401872381,
        "time" : "20141113T220434-0500"
      }, {
        "lat" : 3.4496520639,
        "lon" : -76.5398686697,
        "time" : "20141113T220452-0500"
      }, {
        "lat" : 3.4499014697,
        "lon" : -76.5396462914,
        "time" : "20141113T220512-0500"
      }, {
        "lat" : 3.4500293651,
        "lon" : -76.5395699309,
        "time" : "20141113T220532-0500"
      }, {
        "lat" : 3.4501156311,
        "lon" : -76.5395360417,
        "time" : "20141113T220552-0500"
      }, {
        "lat" : 3.4502000826,
        "lon" : -76.5395140041,
        "time" : "20141113T220614-0500"
      }, {
        "lat" : 3.450484224,
        "lon" : -76.5394574324,
        "time" : "20141113T220652-0500"
      }, {
        "lat" : 3.450551833,
        "lon" : -76.5394455978,
        "time" : "20141113T220713-0500"
      }, {
        "lat" : 3.4505601368,
        "lon" : -76.5394389017,
        "time" : "20141113T220728-0500"
      } ]
    }, {
      "activity" : "transport",
      "group" : "transport",
      "manual" : false,
      "startTime" : "20141113T220728-0500",
      "endTime" : "20141113T223822-0500",
      "duration" : 1854.0,
      "distance" : 10847.0,
      "trackPoints" : [ {
        "lat" : 3.4505601368,
        "lon" : -76.5394389017,
        "time" : "20141113T220728-0500"
      }, {
        "lat" : 3.4503916311,
        "lon" : -76.5392785743,
        "time" : "20141113T220803-0500"
      }, {
        "lat" : 3.4502957223,
        "lon" : -76.5391620125,
        "time" : "20141113T220826-0500"
      }, {
        "lat" : 3.4465467946,
        "lon" : -76.5329778146,
        "time" : "20141113T220958-0500"
      }, {
        "lat" : 3.4463789462,
        "lon" : -76.5328910041,
        "time" : "20141113T221013-0500"
      }, {
        "lat" : 3.4455641735,
        "lon" : -76.5327149932,
        "time" : "20141113T221033-0500"
      }, {
        "lat" : 3.4405588166,
        "lon" : -76.5366477783,
        "time" : "20141113T221523-0500"
      }, {
        "lat" : 3.4404181376,
        "lon" : -76.5367494243,
        "time" : "20141113T221543-0500"
      }, {
        "lat" : 3.4405023858,
        "lon" : -76.5366887742,
        "time" : "20141113T221603-0500"
      }, {
        "lat" : 3.4389693897,
        "lon" : -76.5376993931,
        "time" : "20141113T221623-0500"
      }, {
        "lat" : 3.4371171002,
        "lon" : -76.5390718706,
        "time" : "20141113T221655-0500"
      }, {
        "lat" : 3.436770271,
        "lon" : -76.5392313993,
        "time" : "20141113T221724-0500"
      }, {
        "lat" : 3.4367337114,
        "lon" : -76.5392518634,
        "time" : "20141113T221745-0500"
      }, {
        "lat" : 3.4328754785,
        "lon" : -76.5425513441,
        "time" : "20141113T221854-0500"
      }, {
        "lat" : 3.4327362417,
        "lon" : -76.5426495184,
        "time" : "20141113T221914-0500"
      }, {
        "lat" : 3.432691424,
        "lon" : -76.5426756701,
        "time" : "20141113T221934-0500"
      }, {
        "lat" : 3.4284071168,
        "lon" : -76.5451162912,
        "time" : "20141113T221957-0500"
      }, {
        "lat" : 3.4259380843,
        "lon" : -76.5462058526,
        "time" : "20141113T222015-0500"
      }, {
        "lat" : 3.4255120314,
        "lon" : -76.5461722348,
        "time" : "20141113T222037-0500"
      }, {
        "lat" : 3.4253794882,
        "lon" : -76.5461930195,
        "time" : "20141113T222058-0500"
      }, {
        "lat" : 3.4254007678,
        "lon" : -76.5461707687,
        "time" : "20141113T222118-0500"
      }, {
        "lat" : 3.423674701,
        "lon" : -76.5470065577,
        "time" : "20141113T222138-0500"
      }, {
        "lat" : 3.4236412736,
        "lon" : -76.5470209345,
        "time" : "20141113T222200-0500"
      }, {
        "lat" : 3.4214870931,
        "lon" : -76.5477662456,
        "time" : "20141113T222238-0500"
      }, {
        "lat" : 3.4210047817,
        "lon" : -76.5478344936,
        "time" : "20141113T222259-0500"
      }, {
        "lat" : 3.4152010746,
        "lon" : -76.5485179146,
        "time" : "20141113T222320-0500"
      }, {
        "lat" : 3.414463695,
        "lon" : -76.5484155556,
        "time" : "20141113T222336-0500"
      }, {
        "lat" : 3.4144201503,
        "lon" : -76.5484092999,
        "time" : "20141113T222358-0500"
      }, {
        "lat" : 3.4063544897,
        "lon" : -76.5471430256,
        "time" : "20141113T222719-0500"
      }, {
        "lat" : 3.405218217,
        "lon" : -76.5469077926,
        "time" : "20141113T222745-0500"
      }, {
        "lat" : 3.4063412956,
        "lon" : -76.5471702268,
        "time" : "20141113T222815-0500"
      }, {
        "lat" : 3.3987466268,
        "lon" : -76.5465443705,
        "time" : "20141113T223015-0500"
      }, {
        "lat" : 3.398738864,
        "lon" : -76.5465433309,
        "time" : "20141113T223037-0500"
      }, {
        "lat" : 3.3889215891,
        "lon" : -76.5447409635,
        "time" : "20141113T223245-0500"
      }, {
        "lat" : 3.3885125157,
        "lon" : -76.5447095479,
        "time" : "20141113T223305-0500"
      }, {
        "lat" : 3.3884389189,
        "lon" : -76.5447081712,
        "time" : "20141113T223325-0500"
      }, {
        "lat" : 3.3881076483,
        "lon" : -76.5446782922,
        "time" : "20141113T223345-0500"
      }, {
        "lat" : 3.3880499143,
        "lon" : -76.5446577959,
        "time" : "20141113T223426-0500"
      }, {
        "lat" : 3.3879832791,
        "lon" : -76.5446464274,
        "time" : "20141113T223518-0500"
      }, {
        "lat" : 3.3877505893,
        "lon" : -76.5446066936,
        "time" : "20141113T223537-0500"
      }, {
        "lat" : 3.3767274863,
        "lon" : -76.5426841841,
        "time" : "20141113T223652-0500"
      }, {
        "lat" : 3.376879918,
        "lon" : -76.5427575697,
        "time" : "20141113T223716-0500"
      }, {
        "lat" : 3.3768928287,
        "lon" : -76.5427629395,
        "time" : "20141113T223737-0500"
      }, {
        "lat" : 3.3768939641,
        "lon" : -76.5427631521,
        "time" : "20141113T223757-0500"
      }, {
        "lat" : 3.3768971192,
        "lon" : -76.5427650942,
        "time" : "20141113T223822-0500"
      } ]
    }, {
      "activity" : "walking",
      "group" : "walking",
      "manual" : false,
      "startTime" : "20141113T223822-0500",
      "endTime" : "20141113T224022-0500",
      "duration" : 120.0,
      "distance" : 182.0,
      "steps" : 152,
      "trackPoints" : [ {
        "lat" : 3.3768971192,
        "lon" : -76.5427650942,
        "time" : "20141113T223822-0500"
      }, {
        "lat" : 3.3768966452,
        "lon" : -76.5427648884,
        "time" : "20141113T223847-0500"
      }, {
        "lat" : 3.3721231273,
        "lon" : -76.5389655904,
        "time" : "20141113T224022-0500"
      } ]
    }, {
      "activity" : "transport",
      "group" : "transport",
      "manual" : false,
      "startTime" : "20141113T224022-0500",
      "endTime" : "20141113T224718-0500",
      "duration" : 416.0,
      "distance" : 2922.0,
      "trackPoints" : [ {
        "lat" : 3.3721231273,
        "lon" : -76.5389655904,
        "time" : "20141113T224022-0500"
      }, {
        "lat" : 3.3722802162,
        "lon" : -76.5390782733,
        "time" : "20141113T224047-0500"
      }, {
        "lat" : 3.3724929791,
        "lon" : -76.5392618977,
        "time" : "20141113T224108-0500"
      }, {
        "lat" : 3.3727246057,
        "lon" : -76.5394710863,
        "time" : "20141113T224127-0500"
      }, {
        "lat" : 3.372295676,
        "lon" : -76.5388819296,
        "time" : "20141113T224217-0500"
      }, {
        "lat" : 3.3721984582,
        "lon" : -76.5389019508,
        "time" : "20141113T224237-0500"
      }, {
        "lat" : 3.3721596567,
        "lon" : -76.5389293441,
        "time" : "20141113T224257-0500"
      }, {
        "lat" : 3.3714161958,
        "lon" : -76.5401459627,
        "time" : "20141113T224327-0500"
      }, {
        "lat" : 3.3712354167,
        "lon" : -76.5404436722,
        "time" : "20141113T224348-0500"
      }, {
        "lat" : 3.3633640909,
        "lon" : -76.5566044104,
        "time" : "20141113T224649-0500"
      }, {
        "lat" : 3.3638308859,
        "lon" : -76.5581251937,
        "time" : "20141113T224719-0500"
      } ]
    } ],
    "lastUpdate" : "20141114T064533Z"
  }, {
    "type" : "place",
    "startTime" : "20141113T225731-0500",
    "endTime" : "20141114T083358-0500",
    "place" : {
      "id" : 278254819,
      "type" : "unknown",
      "location" : {
        "lat" : 3.3646059183,
        "lon" : -76.559999961
      }
    },
    "lastUpdate" : "20141115T232932Z"
  } ],
  "lastUpdate" : "20141115T232932Z"
} ]