[ {
  "date" : "20141115",
  "summary" : [ {
    "activity" : "walking",
    "group" : "walking",
    "duration" : 5927.0,
    "distance" : 4909.0,
    "steps" : 8050
  }, {
    "activity" : "transport",
    "group" : "transport",
    "duration" : 41322.0,
    "distance" : 8851.0
  } ],
  "segments" : [ {
    "type" : "move",
    "startTime" : "20141114T083358-0500",
    "endTime" : "20141115T164637-0500",
    "activities" : [ {
      "activity" : "transport",
      "group" : "transport",
      "manual" : false,
      "startTime" : "20141115T000000-0500",
      "endTime" : "20141115T092415-0500",
      "duration" : 33855.0,
      "distance" : 5868.0,
      "trackPoints" : [ {
        "lat" : 3.4017389894,
        "lon" : -76.5497461105,
        "time" : "20141115T000000-0500"
      }, {
        "lat" : 3.406442397,
        "lon" : -76.5484547928,
        "time" : "20141115T005959-0500"
      }, {
        "lat" : 3.40644241,
        "lon" : -76.5484547892,
        "time" : "20141115T010000-0500"
      }, {
        "lat" : 3.4111458175,
        "lon" : -76.5471634715,
        "time" : "20141115T015959-0500"
      }, {
        "lat" : 3.4111458306,
        "lon" : -76.5471634679,
        "time" : "20141115T020000-0500"
      }, {
        "lat" : 3.4158492381,
        "lon" : -76.5458721502,
        "time" : "20141115T025959-0500"
      }, {
        "lat" : 3.4158492512,
        "lon" : -76.5458721466,
        "time" : "20141115T030000-0500"
      }, {
        "lat" : 3.4205526587,
        "lon" : -76.5445808289,
        "time" : "20141115T035959-0500"
      }, {
        "lat" : 3.4205526718,
        "lon" : -76.5445808253,
        "time" : "20141115T040000-0500"
      }, {
        "lat" : 3.4252560793,
        "lon" : -76.5432895075,
        "time" : "20141115T045959-0500"
      }, {
        "lat" : 3.4252560924,
        "lon" : -76.543289504,
        "time" : "20141115T050000-0500"
      }, {
        "lat" : 3.4299594999,
        "lon" : -76.5419981862,
        "time" : "20141115T055959-0500"
      }, {
        "lat" : 3.429959513,
        "lon" : -76.5419981827,
        "time" : "20141115T060000-0500"
      }, {
        "lat" : 3.4346629205,
        "lon" : -76.5407068649,
        "time" : "20141115T065959-0500"
      }, {
        "lat" : 3.4346629336,
        "lon" : -76.5407068614,
        "time" : "20141115T070000-0500"
      }, {
        "lat" : 3.4393663411,
        "lon" : -76.5394155436,
        "time" : "20141115T075959-0500"
      }, {
        "lat" : 3.4393663542,
        "lon" : -76.5394155401,
        "time" : "20141115T080000-0500"
      }, {
        "lat" : 3.4440697617,
        "lon" : -76.5381242223,
        "time" : "20141115T085959-0500"
      }, {
        "lat" : 3.4440697748,
        "lon" : -76.5381242188,
        "time" : "20141115T090000-0500"
      }, {
        "lat" : 3.4459713466,
        "lon" : -76.5376021433,
        "time" : "20141115T092415-0500"
      } ]
    }, {
      "activity" : "walking",
      "group" : "walking",
      "manual" : false,
      "startTime" : "20141115T092415-0500",
      "endTime" : "20141115T092736-0500",
      "duration" : 201.0,
      "distance" : 113.0,
      "steps" : 226,
      "trackPoints" : [ {
        "lat" : 3.4459713466,
        "lon" : -76.5376021433,
        "time" : "20141115T092415-0500"
      }, {
        "lat" : 3.446006393,
        "lon" : -76.5375925214,
        "time" : "20141115T092736-0500"
      } ]
    }, {
      "activity" : "walking",
      "group" : "walking",
      "manual" : false,
      "startTime" : "20141115T093209-0500",
      "endTime" : "20141115T093449-0500",
      "duration" : 160.0,
      "distance" : 147.0,
      "steps" : 293,
      "trackPoints" : [ {
        "lat" : 3.4460539256,
        "lon" : -76.5375794713,
        "time" : "20141115T093209-0500"
      }, {
        "lat" : 3.4460818735,
        "lon" : -76.5375717983,
        "time" : "20141115T093449-0500"
      } ]
    }, {
      "activity" : "walking",
      "group" : "walking",
      "manual" : false,
      "startTime" : "20141115T093759-0500",
      "endTime" : "20141115T093953-0500",
      "duration" : 114.0,
      "distance" : 101.0,
      "steps" : 202,
      "trackPoints" : [ {
        "lat" : 3.4461148352,
        "lon" : -76.5375627487,
        "time" : "20141115T093759-0500"
      }, {
        "lat" : 3.446134633,
        "lon" : -76.5375573132,
        "time" : "20141115T093952-0500"
      } ]
    }, {
      "activity" : "walking",
      "group" : "walking",
      "manual" : false,
      "startTime" : "20141115T094425-0500",
      "endTime" : "20141115T094726-0500",
      "duration" : 181.0,
      "distance" : 158.0,
      "steps" : 316,
      "trackPoints" : [ {
        "lat" : 3.4461821479,
        "lon" : -76.537544268,
        "time" : "20141115T094425-0500"
      }, {
        "lat" : 3.446213672,
        "lon" : -76.5375356131,
        "time" : "20141115T094726-0500"
      } ]
    }, {
      "activity" : "walking",
      "group" : "walking",
      "manual" : false,
      "startTime" : "20141115T103342-0500",
      "endTime" : "20141115T103544-0500",
      "duration" : 122.0,
      "distance" : 72.0,
      "steps" : 145,
      "trackPoints" : [ {
        "lat" : 3.4466972501,
        "lon" : -76.537402847,
        "time" : "20141115T103342-0500"
      }, {
        "lat" : 3.4467185881,
        "lon" : -76.5373969886,
        "time" : "20141115T103545-0500"
      } ]
    }, {
      "activity" : "transport",
      "group" : "transport",
      "manual" : false,
      "startTime" : "20141115T124505-0500",
      "endTime" : "20141115T134723-0500",
      "duration" : 3738.0,
      "distance" : 647.0,
      "trackPoints" : [ {
        "lat" : 3.4480704383,
        "lon" : -76.537025839,
        "time" : "20141115T124505-0500"
      }, {
        "lat" : 3.4492393485,
        "lon" : -76.5367049154,
        "time" : "20141115T125959-0500"
      }, {
        "lat" : 3.4492393615,
        "lon" : -76.5367049118,
        "time" : "20141115T130000-0500"
      }, {
        "lat" : 3.4529531997,
        "lon" : -76.5356852798,
        "time" : "20141115T134722-0500"
      } ]
    }, {
      "activity" : "walking",
      "group" : "walking",
      "manual" : false,
      "startTime" : "20141115T134722-0500",
      "endTime" : "20141115T135451-0500",
      "duration" : 449.0,
      "distance" : 266.0,
      "steps" : 531,
      "trackPoints" : [ {
        "lat" : 3.4529531997,
        "lon" : -76.5356852798,
        "time" : "20141115T134722-0500"
      }, {
        "lat" : 3.4530314072,
        "lon" : -76.5356638079,
        "time" : "20141115T135451-0500"
      } ]
    }, {
      "activity" : "transport",
      "group" : "transport",
      "manual" : false,
      "startTime" : "20141115T135451-0500",
      "endTime" : "20141115T144930-0500",
      "duration" : 3279.0,
      "distance" : 568.0,
      "trackPoints" : [ {
        "lat" : 3.4530314072,
        "lon" : -76.5356638079,
        "time" : "20141115T135451-0500"
      }, {
        "lat" : 3.4534344205,
        "lon" : -76.5355531609,
        "time" : "20141115T135959-0500"
      }, {
        "lat" : 3.4534344336,
        "lon" : -76.5355531573,
        "time" : "20141115T140000-0500"
      }, {
        "lat" : 3.4573150733,
        "lon" : -76.53448773,
        "time" : "20141115T144930-0500"
      } ]
    }, {
      "activity" : "walking",
      "group" : "walking",
      "manual" : false,
      "startTime" : "20141115T144930-0500",
      "endTime" : "20141115T145301-0500",
      "duration" : 211.0,
      "distance" : 105.0,
      "steps" : 183,
      "trackPoints" : [ {
        "lat" : 3.4573150733,
        "lon" : -76.53448773,
        "time" : "20141115T144930-0500"
      }, {
        "lat" : 3.4573517684,
        "lon" : -76.5344776554,
        "time" : "20141115T145300-0500"
      } ]
    }, {
      "activity" : "walking",
      "group" : "walking",
      "manual" : false,
      "startTime" : "20141115T153647-0500",
      "endTime" : "20141115T160450-0500",
      "duration" : 1683.0,
      "distance" : 1283.0,
      "steps" : 2566,
      "trackPoints" : [ {
        "lat" : 3.4578093763,
        "lon" : -76.5343520194,
        "time" : "20141115T153647-0500"
      }, {
        "lat" : 3.4580518984,
        "lon" : -76.5342854351,
        "time" : "20141115T155959-0500"
      }, {
        "lat" : 3.4580519002,
        "lon" : -76.5342854346,
        "time" : "20141115T160000-0500"
      }, {
        "lat" : 3.4581024755,
        "lon" : -76.5342715492,
        "time" : "20141115T160450-0500"
      } ]
    } ],
    "lastUpdate" : "20141115T232932Z"
  }, {
    "type" : "place",
    "startTime" : "20141115T164638-0500",
    "endTime" : "20141115T171818-0500",
    "place" : {
      "id" : 278875633,
      "type" : "unknown",
      "location" : {
        "lat" : 3.4588660614,
        "lon" : -76.5340806247
      }
    },
    "activities" : [ {
      "activity" : "walking",
      "group" : "walking",
      "manual" : false,
      "startTime" : "20141115T170736-0500",
      "endTime" : "20141115T171101-0500",
      "duration" : 205.0,
      "distance" : 212.0,
      "steps" : 283,
      "trackPoints" : [ ]
    } ],
    "lastUpdate" : "20141115T232932Z"
  }, {
    "type" : "move",
    "startTime" : "20141115T171818-0500",
    "endTime" : "20141115T173210-0500",
    "activities" : [ {
      "activity" : "walking",
      "group" : "walking",
      "manual" : false,
      "startTime" : "20141115T171818-0500",
      "endTime" : "20141115T173211-0500",
      "duration" : 833.0,
      "distance" : 779.0,
      "steps" : 1032,
      "trackPoints" : [ {
        "lat" : 3.4588660614,
        "lon" : -76.5340806247,
        "time" : "20141115T171818-0500"
      }, {
        "lat" : 3.4578932327,
        "lon" : -76.5342341239,
        "time" : "20141115T171838-0500"
      }, {
        "lat" : 3.4578958235,
        "lon" : -76.5342550647,
        "time" : "20141115T171858-0500"
      }, {
        "lat" : 3.4578901405,
        "lon" : -76.5342473717,
        "time" : "20141115T171918-0500"
      }, {
        "lat" : 3.4578854894,
        "lon" : -76.5342329636,
        "time" : "20141115T171936-0500"
      }, {
        "lat" : 3.4578809043,
        "lon" : -76.5342106107,
        "time" : "20141115T171957-0500"
      }, {
        "lat" : 3.4578808197,
        "lon" : -76.5342106818,
        "time" : "20141115T172017-0500"
      }, {
        "lat" : 3.4577927794,
        "lon" : -76.5337290224,
        "time" : "20141115T172047-0500"
      }, {
        "lat" : 3.4576721063,
        "lon" : -76.5334770184,
        "time" : "20141115T172107-0500"
      }, {
        "lat" : 3.457554075,
        "lon" : -76.5334323513,
        "time" : "20141115T172127-0500"
      }, {
        "lat" : 3.4574705628,
        "lon" : -76.5334495861,
        "time" : "20141115T172146-0500"
      }, {
        "lat" : 3.4574103638,
        "lon" : -76.5334775822,
        "time" : "20141115T172206-0500"
      }, {
        "lat" : 3.4573432512,
        "lon" : -76.5335036373,
        "time" : "20141115T172227-0500"
      }, {
        "lat" : 3.4572719814,
        "lon" : -76.5335248297,
        "time" : "20141115T172245-0500"
      }, {
        "lat" : 3.4571924837,
        "lon" : -76.5335494938,
        "time" : "20141115T172305-0500"
      }, {
        "lat" : 3.4570022491,
        "lon" : -76.5336192962,
        "time" : "20141115T172327-0500"
      }, {
        "lat" : 3.4562087233,
        "lon" : -76.5339168857,
        "time" : "20141115T172356-0500"
      }, {
        "lat" : 3.4559363588,
        "lon" : -76.5340274536,
        "time" : "20141115T172417-0500"
      }, {
        "lat" : 3.4556761413,
        "lon" : -76.5341549727,
        "time" : "20141115T172436-0500"
      }, {
        "lat" : 3.4556761413,
        "lon" : -76.5341549727,
        "time" : "20141115T172456-0500"
      }, {
        "lat" : 3.4556761413,
        "lon" : -76.5341549727,
        "time" : "20141115T172517-0500"
      }, {
        "lat" : 3.4556392174,
        "lon" : -76.534164557,
        "time" : "20141115T172616-0500"
      }, {
        "lat" : 3.4554648275,
        "lon" : -76.5343210637,
        "time" : "20141115T172651-0500"
      }, {
        "lat" : 3.4549240631,
        "lon" : -76.5346799712,
        "time" : "20141115T172721-0500"
      }, {
        "lat" : 3.4547785044,
        "lon" : -76.5347521357,
        "time" : "20141115T172741-0500"
      }, {
        "lat" : 3.4547243957,
        "lon" : -76.5347522413,
        "time" : "20141115T172801-0500"
      }, {
        "lat" : 3.4546842439,
        "lon" : -76.5347130085,
        "time" : "20141115T172821-0500"
      }, {
        "lat" : 3.4545443083,
        "lon" : -76.5345078416,
        "time" : "20141115T172851-0500"
      }, {
        "lat" : 3.454400101,
        "lon" : -76.5342777499,
        "time" : "20141115T172921-0500"
      }, {
        "lat" : 3.4543070548,
        "lon" : -76.5340780122,
        "time" : "20141115T172941-0500"
      }, {
        "lat" : 3.4542381645,
        "lon" : -76.5339208822,
        "time" : "20141115T173001-0500"
      }, {
        "lat" : 3.4541888953,
        "lon" : -76.5338162392,
        "time" : "20141115T173021-0500"
      }, {
        "lat" : 3.4541429939,
        "lon" : -76.5337389455,
        "time" : "20141115T173041-0500"
      }, {
        "lat" : 3.4539664098,
        "lon" : -76.5336153027,
        "time" : "20141115T173110-0500"
      }, {
        "lat" : 3.4537987509,
        "lon" : -76.533529551,
        "time" : "20141115T173131-0500"
      }, {
        "lat" : 3.4536987759,
        "lon" : -76.5334593526,
        "time" : "20141115T173151-0500"
      }, {
        "lat" : 3.453822455,
        "lon" : -76.5333439073,
        "time" : "20141115T173210-0500"
      } ]
    } ],
    "lastUpdate" : "20141115T232932Z"
  }, {
    "type" : "place",
    "startTime" : "20141115T173210-0500",
    "endTime" : "20141115T173431-0500",
    "place" : {
      "id" : 278899853,
      "type" : "unknown",
      "location" : {
        "lat" : 3.453822455,
        "lon" : -76.5333439073
      }
    },
    "lastUpdate" : "20141115T232932Z"
  }, {
    "type" : "move",
    "startTime" : "20141115T173431-0500",
    "endTime" : "20141115T174203-0500",
    "activities" : [ {
      "activity" : "walking",
      "group" : "walking",
      "manual" : false,
      "startTime" : "20141115T173431-0500",
      "endTime" : "20141115T174203-0500",
      "duration" : 452.0,
      "distance" : 442.0,
      "steps" : 495,
      "trackPoints" : [ {
        "lat" : 3.453822455,
        "lon" : -76.5333439073,
        "time" : "20141115T173431-0500"
      }, {
        "lat" : 3.4538333398,
        "lon" : -76.5333182388,
        "time" : "20141115T173502-0500"
      }, {
        "lat" : 3.4538507662,
        "lon" : -76.5333308298,
        "time" : "20141115T173521-0500"
      }, {
        "lat" : 3.453874084,
        "lon" : -76.5333476684,
        "time" : "20141115T173541-0500"
      }, {
        "lat" : 3.4538640946,
        "lon" : -76.5333553041,
        "time" : "20141115T173602-0500"
      }, {
        "lat" : 3.4540769962,
        "lon" : -76.5334212113,
        "time" : "20141115T173622-0500"
      }, {
        "lat" : 3.4542163101,
        "lon" : -76.5335533598,
        "time" : "20141115T173642-0500"
      }, {
        "lat" : 3.4543527905,
        "lon" : -76.5338625932,
        "time" : "20141115T173712-0500"
      }, {
        "lat" : 3.4545479248,
        "lon" : -76.5340790936,
        "time" : "20141115T173732-0500"
      }, {
        "lat" : 3.4546835599,
        "lon" : -76.5342334044,
        "time" : "20141115T173752-0500"
      }, {
        "lat" : 3.4547517188,
        "lon" : -76.5343225191,
        "time" : "20141115T173812-0500"
      }, {
        "lat" : 3.4547693929,
        "lon" : -76.5343840046,
        "time" : "20141115T173832-0500"
      }, {
        "lat" : 3.4547602957,
        "lon" : -76.534426865,
        "time" : "20141115T173852-0500"
      }, {
        "lat" : 3.4547613257,
        "lon" : -76.5344397293,
        "time" : "20141115T173911-0500"
      }, {
        "lat" : 3.4547756492,
        "lon" : -76.5344234573,
        "time" : "20141115T173931-0500"
      }, {
        "lat" : 3.454910203,
        "lon" : -76.5341757255,
        "time" : "20141115T174002-0500"
      }, {
        "lat" : 3.4549851732,
        "lon" : -76.5340309013,
        "time" : "20141115T174022-0500"
      }, {
        "lat" : 3.4550476552,
        "lon" : -76.5339289421,
        "time" : "20141115T174042-0500"
      }, {
        "lat" : 3.4551498149,
        "lon" : -76.5338127527,
        "time" : "20141115T174102-0500"
      }, {
        "lat" : 3.456077748,
        "lon" : -76.5329031836,
        "time" : "20141115T174203-0500"
      } ]
    } ],
    "lastUpdate" : "20141115T232932Z"
  }, {
    "type" : "place",
    "startTime" : "20141115T174203-0500",
    "endTime" : "20141115T174536-0500",
    "place" : {
      "id" : 278899854,
      "type" : "unknown",
      "location" : {
        "lat" : 3.456077748,
        "lon" : -76.5329031836
      }
    },
    "activities" : [ {
      "activity" : "walking",
      "group" : "walking",
      "manual" : false,
      "startTime" : "20141115T174203-0500",
      "endTime" : "20141115T174314-0500",
      "duration" : 71.0,
      "distance" : 52.0,
      "steps" : 105,
      "trackPoints" : [ ]
    } ],
    "lastUpdate" : "20141115T232932Z"
  }, {
    "type" : "move",
    "startTime" : "20141115T174536-0500",
    "endTime" : "20141115T175331-0500",
    "activities" : [ {
      "activity" : "walking",
      "group" : "walking",
      "manual" : false,
      "startTime" : "20141115T174536-0500",
      "endTime" : "20141115T175332-0500",
      "duration" : 476.0,
      "distance" : 569.0,
      "steps" : 753,
      "trackPoints" : [ {
        "lat" : 3.456077748,
        "lon" : -76.5329031836,
        "time" : "20141115T174536-0500"
      }, {
        "lat" : 3.4570151068,
        "lon" : -76.5324218373,
        "time" : "20141115T174731-0500"
      }, {
        "lat" : 3.4571510111,
        "lon" : -76.5323324726,
        "time" : "20141115T174752-0500"
      }, {
        "lat" : 3.4572804327,
        "lon" : -76.5322415245,
        "time" : "20141115T174810-0500"
      }, {
        "lat" : 3.4573958098,
        "lon" : -76.5321747147,
        "time" : "20141115T174830-0500"
      }, {
        "lat" : 3.4576699455,
        "lon" : -76.5321338425,
        "time" : "20141115T174900-0500"
      }, {
        "lat" : 3.4578889336,
        "lon" : -76.5321502305,
        "time" : "20141115T174921-0500"
      }, {
        "lat" : 3.4580611004,
        "lon" : -76.5322369087,
        "time" : "20141115T174941-0500"
      }, {
        "lat" : 3.4582462554,
        "lon" : -76.5323804833,
        "time" : "20141115T175002-0500"
      }, {
        "lat" : 3.4584103865,
        "lon" : -76.5325162807,
        "time" : "20141115T175022-0500"
      }, {
        "lat" : 3.4584987415,
        "lon" : -76.5326010403,
        "time" : "20141115T175042-0500"
      }, {
        "lat" : 3.4585483065,
        "lon" : -76.5326473067,
        "time" : "20141115T175103-0500"
      }, {
        "lat" : 3.4585781229,
        "lon" : -76.532671108,
        "time" : "20141115T175123-0500"
      }, {
        "lat" : 3.458568984,
        "lon" : -76.5327718487,
        "time" : "20141115T175153-0500"
      }, {
        "lat" : 3.4584431082,
        "lon" : -76.5333101991,
        "time" : "20141115T175212-0500"
      }, {
        "lat" : 3.4583369649,
        "lon" : -76.5337503171,
        "time" : "20141115T175231-0500"
      }, {
        "lat" : 3.4583249264,
        "lon" : -76.5338919019,
        "time" : "20141115T175251-0500"
      }, {
        "lat" : 3.4583573825,
        "lon" : -76.533932044,
        "time" : "20141115T175311-0500"
      }, {
        "lat" : 3.4591306137,
        "lon" : -76.5339879059,
        "time" : "20141115T175331-0500"
      } ]
    } ],
    "lastUpdate" : "20141115T232932Z"
  }, {
    "type" : "place",
    "startTime" : "20141115T175331-0500",
    "endTime" : "20141115T193149-0500",
    "place" : {
      "id" : 278899855,
      "type" : "unknown",
      "location" : {
        "lat" : 3.4591306137,
        "lon" : -76.5339879059
      }
    },
    "activities" : [ {
      "activity" : "walking",
      "group" : "walking",
      "manual" : false,
      "startTime" : "20141115T175546-0500",
      "endTime" : "20141115T175616-0500",
      "duration" : 30.0,
      "distance" : 20.0,
      "steps" : 41,
      "trackPoints" : [ ]
    }, {
      "activity" : "walking",
      "group" : "walking",
      "manual" : false,
      "startTime" : "20141115T192623-0500",
      "endTime" : "20141115T192753-0500",
      "duration" : 90.0,
      "distance" : 65.0,
      "steps" : 131,
      "trackPoints" : [ ]
    } ],
    "lastUpdate" : "20141116T022846Z"
  }, {
    "type" : "move",
    "startTime" : "20141115T193149-0500",
    "endTime" : "20141115T193919-0500",
    "activities" : [ {
      "activity" : "transport",
      "group" : "transport",
      "manual" : false,
      "startTime" : "20141115T193149-0500",
      "endTime" : "20141115T193919-0500",
      "duration" : 450.0,
      "distance" : 1768.0,
      "trackPoints" : [ {
        "lat" : 3.4591306137,
        "lon" : -76.5339879059,
        "time" : "20141115T193149-0500"
      }, {
        "lat" : 3.4578632118,
        "lon" : -76.5342641721,
        "time" : "20141115T193221-0500"
      }, {
        "lat" : 3.4577449491,
        "lon" : -76.5343486529,
        "time" : "20141115T193241-0500"
      }, {
        "lat" : 3.4576644447,
        "lon" : -76.5344009271,
        "time" : "20141115T193301-0500"
      }, {
        "lat" : 3.457640107,
        "lon" : -76.5344173957,
        "time" : "20141115T193320-0500"
      }, {
        "lat" : 3.4576025354,
        "lon" : -76.5344435708,
        "time" : "20141115T193340-0500"
      }, {
        "lat" : 3.4511100787,
        "lon" : -76.5400042317,
        "time" : "20141115T193510-0500"
      }, {
        "lat" : 3.4510345809,
        "lon" : -76.5400436915,
        "time" : "20141115T193530-0500"
      }, {
        "lat" : 3.4494271833,
        "lon" : -76.5401740852,
        "time" : "20141115T193550-0500"
      }, {
        "lat" : 3.4493102583,
        "lon" : -76.5399595541,
        "time" : "20141115T193626-0500"
      }, {
        "lat" : 3.449304048,
        "lon" : -76.5399337113,
        "time" : "20141115T193651-0500"
      }, {
        "lat" : 3.4493055917,
        "lon" : -76.5399534559,
        "time" : "20141115T193710-0500"
      }, {
        "lat" : 3.4490418338,
        "lon" : -76.5382486472,
        "time" : "20141115T193919-0500"
      } ]
    } ],
    "lastUpdate" : "20141116T022846Z"
  }, {
    "type" : "place",
    "startTime" : "20141115T193920-0500",
    "endTime" : "20141115T210844-0500",
    "place" : {
      "id" : 278941821,
      "type" : "unknown",
      "location" : {
        "lat" : 3.4490418338,
        "lon" : -76.5382486472
      }
    },
    "activities" : [ {
      "activity" : "walking",
      "group" : "walking",
      "manual" : false,
      "startTime" : "20141115T193920-0500",
      "endTime" : "20141115T194018-0500",
      "duration" : 58.0,
      "distance" : 29.0,
      "steps" : 53,
      "trackPoints" : [ ]
    }, {
      "activity" : "walking",
      "group" : "walking",
      "manual" : false,
      "startTime" : "20141115T204321-0500",
      "endTime" : "20141115T204351-0500",
      "duration" : 30.0,
      "distance" : 25.0,
      "steps" : 50,
      "trackPoints" : [ ]
    }, {
      "activity" : "walking",
      "group" : "walking",
      "manual" : false,
      "startTime" : "20141115T210138-0500",
      "endTime" : "20141115T210208-0500",
      "duration" : 30.0,
      "distance" : 20.0,
      "steps" : 41,
      "trackPoints" : [ ]
    } ],
    "lastUpdate" : "20141116T110108Z"
  }, {
    "type" : "move",
    "startTime" : "20141115T210844-0500",
    "endTime" : "20141115T211635-0500",
    "activities" : [ {
      "activity" : "walking",
      "group" : "walking",
      "manual" : false,
      "startTime" : "20141115T210844-0500",
      "endTime" : "20141115T211635-0500",
      "duration" : 471.0,
      "distance" : 413.0,
      "steps" : 528,
      "trackPoints" : [ {
        "lat" : 3.4490418338,
        "lon" : -76.5382486472,
        "time" : "20141115T210844-0500"
      }, {
        "lat" : 3.4490388275,
        "lon" : -76.5382463143,
        "time" : "20141115T210914-0500"
      }, {
        "lat" : 3.4490346097,
        "lon" : -76.5382446734,
        "time" : "20141115T210936-0500"
      }, {
        "lat" : 3.4490252393,
        "lon" : -76.5382448232,
        "time" : "20141115T210956-0500"
      }, {
        "lat" : 3.4490134315,
        "lon" : -76.5382459255,
        "time" : "20141115T211016-0500"
      }, {
        "lat" : 3.4489979419,
        "lon" : -76.538248565,
        "time" : "20141115T211038-0500"
      }, {
        "lat" : 3.4489829647,
        "lon" : -76.5382528081,
        "time" : "20141115T211055-0500"
      }, {
        "lat" : 3.4489639856,
        "lon" : -76.5382606723,
        "time" : "20141115T211115-0500"
      }, {
        "lat" : 3.4489417292,
        "lon" : -76.5382732138,
        "time" : "20141115T211137-0500"
      }, {
        "lat" : 3.4489186885,
        "lon" : -76.5382889314,
        "time" : "20141115T211156-0500"
      }, {
        "lat" : 3.4488797927,
        "lon" : -76.5383211959,
        "time" : "20141115T211215-0500"
      }, {
        "lat" : 3.4483690776,
        "lon" : -76.5388247239,
        "time" : "20141115T211245-0500"
      }, {
        "lat" : 3.4482209302,
        "lon" : -76.5389755832,
        "time" : "20141115T211305-0500"
      }, {
        "lat" : 3.4481431613,
        "lon" : -76.5390682367,
        "time" : "20141115T211327-0500"
      }, {
        "lat" : 3.4481002322,
        "lon" : -76.5391153656,
        "time" : "20141115T211346-0500"
      }, {
        "lat" : 3.4480691403,
        "lon" : -76.5391482774,
        "time" : "20141115T211405-0500"
      }, {
        "lat" : 3.4480398462,
        "lon" : -76.5391870811,
        "time" : "20141115T211425-0500"
      }, {
        "lat" : 3.4479899086,
        "lon" : -76.5393022828,
        "time" : "20141115T211447-0500"
      }, {
        "lat" : 3.4477199192,
        "lon" : -76.5400419656,
        "time" : "20141115T211515-0500"
      }, {
        "lat" : 3.4476941396,
        "lon" : -76.5402997748,
        "time" : "20141115T211546-0500"
      }, {
        "lat" : 3.4477199047,
        "lon" : -76.5404859377,
        "time" : "20141115T211615-0500"
      }, {
        "lat" : 3.4480823954,
        "lon" : -76.5412180778,
        "time" : "20141115T211635-0500"
      } ]
    } ],
    "lastUpdate" : "20141116T110108Z"
  }, {
    "type" : "place",
    "startTime" : "20141115T211635-0500",
    "endTime" : "20141115T213325-0500",
    "place" : {
      "id" : 279240005,
      "type" : "unknown",
      "location" : {
        "lat" : 3.4482666058,
        "lon" : -76.5410156315
      }
    },
    "activities" : [ {
      "activity" : "walking",
      "group" : "walking",
      "manual" : false,
      "startTime" : "20141115T212159-0500",
      "endTime" : "20141115T212259-0500",
      "duration" : 60.0,
      "distance" : 38.0,
      "steps" : 76,
      "trackPoints" : [ ]
    } ],
    "lastUpdate" : "20141117T002546Z"
  } ],
  "lastUpdate" : "20141117T002546Z"
} ]